design,resi,resn,ref_resn,rsa,identical,interface,exposed,mutable
egfr-bridge-id85,1,SER,,0.614,0,0,1,0
egfr-bridge-id85,2,PHE,,0.472,0,1,1,0
egfr-bridge-id85,3,GLU,,0.59,0,0,1,0
egfr-bridge-id85,4,GLU,,0.503,0,0,1,0
egfr-bridge-id85,5,GLU,ASP,0.475,0,1,1,0
egfr-bridge-id85,6,ILE,TYR,0.081,0,1,0,0
egfr-bridge-id85,7,GLU,GLN,0.447,0,0,1,0
egfr-bridge-id85,8,GLU,LYS,0.489,0,1,1,0
egfr-bridge-id85,9,LYS,ALA,0.461,0,1,1,0
egfr-bridge-id85,10,LEU,ILE,0.122,0,0,0,0
egfr-bridge-id85,11,LYS,GLU,0.559,0,0,1,0
egfr-bridge-id85,12,ILE,TYR,0.481,0,1,1,0
egfr-bridge-id85,13,LEU,TYR,0.056,0,1,0,0
egfr-bridge-id85,14,ASP,GLN,0.342,0,0,1,0
egfr-bridge-id85,15,LYS,LYS,0.611,1,0,1,1
egfr-bridge-id85,16,ARG,ALA,0.341,0,1,1,0
egfr-bridge-id85,17,LEU,LEU,0.1,1,0,0,0
egfr-bridge-id85,18,ALA,GLU,0.664,0,0,1,0
egfr-bridge-id85,19,GLU,LEU,0.693,0,0,1,0
egfr-bridge-id85,20,ASP,ASP,0.353,1,0,1,1
egfr-bridge-id85,21,PRO,PRO,0.526,1,0,1,1
egfr-bridge-id85,22,ASN,ASN,0.535,1,0,1,1
egfr-bridge-id85,23,ASP,ASN,0.132,0,0,0,0
egfr-bridge-id85,24,ALA,ALA,0.166,1,0,0,0
egfr-bridge-id85,25,GLU,GLU,0.395,1,0,1,1
egfr-bridge-id85,26,ALA,ALA,0.0,1,0,0,0
egfr-bridge-id85,27,TYR,LEU,0.12,0,0,0,0
egfr-bridge-id85,28,TYR,ASN,0.117,0,1,0,0
egfr-bridge-id85,29,ASN,ASN,0.221,1,1,0,0
egfr-bridge-id85,30,LYS,LEU,0.143,0,0,0,0
egfr-bridge-id85,31,GLY,GLY,0.0,1,0,0,0
egfr-bridge-id85,32,ASN,ASN,0.225,1,1,0,0
egfr-bridge-id85,33,VAL,VAL,0.019,1,0,0,0
egfr-bridge-id85,34,TYR,TYR,0.108,1,0,0,0
egfr-bridge-id85,35,ALA,ARG,0.208,0,0,0,0
egfr-bridge-id85,36,THR,LYS,0.54,0,1,1,0
egfr-bridge-id85,37,ALA,GLN,0.294,0,1,1,0
egfr-bridge-id85,38,GLY,GLY,0.372,1,0,1,1
egfr-bridge-id85,39,LYS,ASP,0.467,0,0,1,0
egfr-bridge-id85,40,TYR,TYR,0.266,1,0,1,1
egfr-bridge-id85,41,ASP,GLN,0.538,0,0,1,0
egfr-bridge-id85,42,LYS,LYS,0.434,1,0,1,1
egfr-bridge-id85,43,ALA,ALA,0.0,1,0,0,0
egfr-bridge-id85,44,ILE,ILE,0.105,1,0,0,0
egfr-bridge-id85,45,GLU,GLU,0.407,1,0,1,1
egfr-bridge-id85,46,ASP,TYR,0.043,0,0,0,0
egfr-bridge-id85,47,TYR,TYR,0.011,1,0,0,0
egfr-bridge-id85,48,GLU,GLN,0.372,0,0,1,0
egfr-bridge-id85,49,LYS,LYS,0.423,1,0,1,1
egfr-bridge-id85,50,ALA,ALA,0.001,1,0,0,0
egfr-bridge-id85,51,LEU,LEU,0.08,1,0,0,0
egfr-bridge-id85,52,GLU,GLU,0.65,1,0,1,1
egfr-bridge-id85,53,LEU,LEU,0.357,1,0,1,1
egfr-bridge-id85,54,ASP,ASP,0.281,1,0,1,1
egfr-bridge-id85,55,PRO,PRO,0.49,1,0,1,1
egfr-bridge-id85,56,ASN,ASN,0.571,1,0,1,1
egfr-bridge-id85,57,ASN,ASN,0.132,1,0,0,0
egfr-bridge-id85,58,ALA,ALA,0.147,1,0,0,0
egfr-bridge-id85,59,GLU,GLU,0.411,1,0,1,1
egfr-bridge-id85,60,ALA,ALA,0.0,1,0,0,0
egfr-bridge-id85,61,TYR,LEU,0.125,0,0,0,0
egfr-bridge-id85,62,TYR,ASN,0.11,0,1,0,0
egfr-bridge-id85,63,ASN,ASN,0.144,1,1,0,0
egfr-bridge-id85,64,LEU,LEU,0.001,1,0,0,0
egfr-bridge-id85,65,GLY,GLY,0.0,1,0,0,0
egfr-bridge-id85,66,GLU,ASN,0.205,0,1,0,0
egfr-bridge-id85,67,VAL,VAL,0.021,1,0,0,0
egfr-bridge-id85,68,TYR,TYR,0.073,1,0,0,0
egfr-bridge-id85,69,ALA,ARG,0.158,0,0,0,0
egfr-bridge-id85,70,ASP,LYS,0.485,0,1,1,0
egfr-bridge-id85,71,ALA,GLN,0.318,0,0,1,0
egfr-bridge-id85,72,GLY,GLY,0.382,1,0,1,1
egfr-bridge-id85,73,LYS,ASP,0.456,0,0,1,0
egfr-bridge-id85,74,TYR,TYR,0.251,1,0,1,1
egfr-bridge-id85,75,ASP,GLN,0.576,0,0,1,0
egfr-bridge-id85,76,LYS,LYS,0.41,1,0,1,1
egfr-bridge-id85,77,ALA,ALA,0.0,1,0,0,0
egfr-bridge-id85,78,ILE,ILE,0.125,1,0,0,0
egfr-bridge-id85,79,GLU,GLU,0.33,1,0,1,1
egfr-bridge-id85,80,TYR,TYR,0.108,1,0,0,0
egfr-bridge-id85,81,TYR,TYR,0.003,1,1,0,0
egfr-bridge-id85,82,ASP,GLN,0.262,0,0,1,0
egfr-bridge-id85,83,LYS,LYS,0.318,1,0,1,1
egfr-bridge-id85,84,ALA,ALA,0.0,1,0,0,0
egfr-bridge-id85,85,LEU,LEU,0.076,1,0,0,0
egfr-bridge-id85,86,GLU,GLU,0.637,1,0,1,1
egfr-bridge-id85,87,LEU,LEU,0.377,1,0,1,1
egfr-bridge-id85,88,ASP,ASP,0.173,1,0,0,0
egfr-bridge-id85,89,PRO,PRO,0.531,1,0,1,1
egfr-bridge-id85,90,LEU,ASN,0.305,0,0,1,0
egfr-bridge-id85,91,ASN,ASN,0.056,1,0,0,0
egfr-bridge-id85,92,ALA,ALA,0.054,1,0,0,0
egfr-bridge-id85,93,VAL,GLU,0.458,0,1,1,0
egfr-bridge-id85,94,ALA,ALA,0.0,1,0,0,0
egfr-bridge-id85,95,TYR,LEU,0.128,0,0,0,0
egfr-bridge-id85,96,PHE,ASN,0.26,0,1,1,0
egfr-bridge-id85,97,ASN,ASN,0.107,1,1,0,0
egfr-bridge-id85,98,ARG,LEU,0.104,0,0,0,0
egfr-bridge-id85,99,GLY,GLY,0.0,1,0,0,0
egfr-bridge-id85,100,LEU,ASN,0.324,0,1,1,0
egfr-bridge-id85,101,VAL,VAL,0.02,1,0,0,0
egfr-bridge-id85,102,TYR,TYR,0.126,1,0,0,0
egfr-bridge-id85,103,TYR,ARG,0.339,0,1,1,0
egfr-bridge-id85,104,GLU,LYS,0.457,0,1,1,0
egfr-bridge-id85,105,GLN,GLN,0.222,1,0,0,0
egfr-bridge-id85,106,LYS,GLY,0.651,0,0,1,0
egfr-bridge-id85,107,LYS,ASP,0.379,0,0,1,0
egfr-bridge-id85,108,TYR,TYR,0.26,1,0,1,1
egfr-bridge-id85,109,ASP,GLN,0.612,0,0,1,0
egfr-bridge-id85,110,GLU,LYS,0.363,0,0,1,0
egfr-bridge-id85,111,ALA,ALA,0.0,1,0,0,0
egfr-bridge-id85,112,ALA,ILE,0.035,0,0,0,0
egfr-bridge-id85,113,ALA,GLU,0.379,0,0,1,0
egfr-bridge-id85,114,ASP,TYR,0.024,0,0,0,0
egfr-bridge-id85,115,PHE,TYR,0.018,0,0,0,0
egfr-bridge-id85,116,GLU,GLN,0.226,0,0,0,0
egfr-bridge-id85,117,LYS,LYS,0.411,1,0,1,1
egfr-bridge-id85,118,ALA,ALA,0.009,1,0,0,0
egfr-bridge-id85,119,ALA,LEU,0.0,0,0,0,0
egfr-bridge-id85,120,GLU,GLU,0.373,1,0,1,1
egfr-bridge-id85,121,ALA,LEU,0.03,0,0,0,0
egfr-bridge-id85,122,LEU,LEU,0.168,1,1,0,0
egfr-bridge-id85,123,GLU,LEU,0.366,0,0,1,0
egfr-bridge-id85,124,LYS,LEU,0.644,0,0,1,0
egfr-bridge-id85,125,ARG,,0.5,0,0,1,0
egfr-bridge-id85,126,GLY,,0.615,0,0,1,0
egfr-bridge-id85,127,ALA,ASP,0.219,0,0,0,0
egfr-bridge-id85,128,PRO,PRO,0.389,1,0,1,1
egfr-bridge-id85,129,LYS,PRO,0.562,0,1,1,0
egfr-bridge-id85,130,TYR,,0.588,0,1,1,0
egfr-bridge-id85,131,ASP,,0.253,0,1,1,0
egfr-bridge-id85,132,VAL,LEU,0.013,0,0,0,0
egfr-bridge-id85,133,GLU,,0.321,0,1,1,0
egfr-bridge-id85,134,SER,,0.362,0,1,1,0
egfr-bridge-id85,135,THR,,0.055,0,1,0,0
egfr-bridge-id85,136,ARG,,0.295,0,0,1,0
egfr-bridge-id85,137,ILE,,0.531,0,1,1,0
egfr-bridge-id85,138,LEU,,0.32,0,1,1,0
egfr-bridge-id85,139,ALA,,0.002,0,0,0,0
egfr-bridge-id85,140,ALA,,0.432,0,0,1,0
egfr-bridge-id85,141,ASN,,0.398,0,1,1,0
egfr-bridge-id85,142,ALA,,0.001,0,0,0,0
egfr-bridge-id85,143,LYS,,0.586,0,0,1,0
egfr-bridge-id85,144,ALA,,0.717,0,0,1,0
egfr-bridge-id85,145,ALA,,0.525,0,0,1,0
egfr-bridge-id1104,1,SER,,0.685,0,1,1,0
egfr-bridge-id1104,2,ILE,GLY,0.466,0,1,1,0
egfr-bridge-id1104,3,GLU,,0.531,0,1,1,0
egfr-bridge-id1104,4,ASP,ASP,0.405,1,0,1,1
egfr-bridge-id1104,5,GLU,ASP,0.435,0,1,1,0
egfr-bridge-id1104,6,VAL,TYR,0.14,0,1,0,0
egfr-bridge-id1104,7,LYS,GLN,0.57,0,0,1,0
egfr-bridge-id1104,8,GLU,LYS,0.469,0,1,1,0
egfr-bridge-id1104,9,LYS,ALA,0.38,0,1,1,0
egfr-bridge-id1104,10,ILE,ILE,0.154,1,0,0,0
egfr-bridge-id1104,11,GLU,GLU,0.529,1,0,1,1
egfr-bridge-id1104,12,ILE,TYR,0.483,0,1,1,0
egfr-bridge-id1104,13,LEU,TYR,0.042,0,0,0,0
egfr-bridge-id1104,14,ASP,GLN,0.22,0,0,0,0
egfr-bridge-id1104,15,LYS,LYS,0.582,1,0,1,1
egfr-bridge-id1104,16,LYS,ALA,0.421,0,1,1,0
egfr-bridge-id1104,17,ILE,LEU,0.085,0,0,0,0
egfr-bridge-id1104,18,LYS,GLU,0.728,0,0,1,0
egfr-bridge-id1104,19,GLU,LEU,0.565,0,0,1,0
egfr-bridge-id1104,20,ASP,ASP,0.329,1,0,1,1
egfr-bridge-id1104,21,PRO,PRO,0.506,1,0,1,1
egfr-bridge-id1104,22,ASN,ASN,0.561,1,0,1,1
egfr-bridge-id1104,23,ASN,ASN,0.239,1,0,0,0
egfr-bridge-id1104,24,ALA,ALA,0.134,1,0,0,0
egfr-bridge-id1104,25,GLU,GLU,0.501,1,0,1,1
egfr-bridge-id1104,26,ALA,ALA,0.026,1,0,0,0
egfr-bridge-id1104,27,TYR,LEU,0.078,0,0,0,0
egfr-bridge-id1104,28,TYR,ASN,0.108,0,0,0,0
egfr-bridge-id1104,29,ASN,ASN,0.223,1,1,0,0
egfr-bridge-id1104,30,ARG,LEU,0.132,0,0,0,0
egfr-bridge-id1104,31,GLY,GLY,0.0,1,0,0,0
egfr-bridge-id1104,32,ASN,ASN,0.221,1,1,0,0
egfr-bridge-id1104,33,VAL,VAL,0.033,1,1,0,0
egfr-bridge-id1104,34,TYR,TYR,0.122,1,0,0,0
egfr-bridge-id1104,35,ALA,ARG,0.134,0,0,0,0
egfr-bridge-id1104,36,PHE,LYS,0.583,0,1,1,0
egfr-bridge-id1104,37,ALA,GLN,0.382,0,1,1,0
egfr-bridge-id1104,38,GLY,GLY,0.39,1,0,1,1
egfr-bridge-id1104,39,LYS,ASP,0.444,0,0,1,0
egfr-bridge-id1104,40,TYR,TYR,0.257,1,0,1,1
egfr-bridge-id1104,41,GLU,GLN,0.481,0,0,1,0
egfr-bridge-id1104,42,GLU,LYS,0.335,0,0,1,0
egfr-bridge-id1104,43,ALA,ALA,0.0,1,0,0,0
egfr-bridge-id1104,44,ILE,ILE,0.085,1,0,0,0
egfr-bridge-id1104,45,LYS,GLU,0.563,0,0,1,0
egfr-bridge-id1104,46,ASP,TYR,0.021,0,0,0,0
egfr-bridge-id1104,47,TYR,TYR,0.011,1,0,0,0
egfr-bridge-id1104,48,GLU,GLN,0.305,0,0,1,0
egfr-bridge-id1104,49,LYS,LYS,0.402,1,0,1,1
egfr-bridge-id1104,50,ALA,ALA,0.0,1,0,0,0
egfr-bridge-id1104,51,ILE,LEU,0.112,0,0,0,0
egfr-bridge-id1104,52,LYS,GLU,0.714,0,0,1,0
egfr-bridge-id1104,53,LEU,LEU,0.348,1,0,1,1
egfr-bridge-id1104,54,ASP,ASP,0.281,1,0,1,1
egfr-bridge-id1104,55,PRO,PRO,0.504,1,0,1,1
egfr-bridge-id1104,56,ASN,ASN,0.573,1,0,1,1
egfr-bridge-id1104,57,PHE,ASN,0.158,0,0,0,0
egfr-bridge-id1104,58,ALA,ALA,0.153,1,0,0,0
egfr-bridge-id1104,59,GLU,GLU,0.295,1,0,1,1
egfr-bridge-id1104,60,ALA,ALA,0.0,1,0,0,0
egfr-bridge-id1104,61,TYR,LEU,0.101,0,0,0,0
egfr-bridge-id1104,62,TYR,ASN,0.043,0,1,0,0
egfr-bridge-id1104,63,ASN,ASN,0.121,1,1,0,0
egfr-bridge-id1104,64,LEU,LEU,0.002,1,0,0,0
egfr-bridge-id1104,65,GLY,GLY,0.0,1,0,0,0
egfr-bridge-id1104,66,ASP,ASN,0.227,0,1,0,0
egfr-bridge-id1104,67,THR,VAL,0.015,0,0,0,0
egfr-bridge-id1104,68,TYR,TYR,0.091,1,0,0,0
egfr-bridge-id1104,69,ALA,ARG,0.17,0,0,0,0
egfr-bridge-id1104,70,GLU,LYS,0.463,0,1,1,0
egfr-bridge-id1104,71,ALA,GLN,0.306,0,0,1,0
egfr-bridge-id1104,72,GLY,GLY,0.402,1,0,1,1
egfr-bridge-id1104,73,LYS,ASP,0.379,0,0,1,0
egfr-bridge-id1104,74,TYR,TYR,0.249,1,0,0,0
egfr-bridge-id1104,75,GLU,GLN,0.502,0,0,1,0
egfr-bridge-id1104,76,GLU,LYS,0.294,0,0,1,0
egfr-bridge-id1104,77,ALA,ALA,0.0,1,0,0,0
egfr-bridge-id1104,78,ILE,ILE,0.087,1,0,0,0
egfr-bridge-id1104,79,GLU,GLU,0.355,1,0,1,1
egfr-bridge-id1104,80,TYR,TYR,0.132,1,0,0,0
egfr-bridge-id1104,81,TYR,TYR,0.005,1,1,0,0
egfr-bridge-id1104,82,GLU,GLN,0.289,0,0,1,0
egfr-bridge-id1104,83,LYS,LYS,0.332,1,0,1,1
egfr-bridge-id1104,84,ALA,ALA,0.0,1,0,0,0
egfr-bridge-id1104,85,ILE,LEU,0.098,0,0,0,0
egfr-bridge-id1104,86,LYS,GLU,0.714,0,0,1,0
egfr-bridge-id1104,87,LEU,LEU,0.351,1,0,1,1
egfr-bridge-id1104,88,ASP,ASP,0.282,1,0,1,1
egfr-bridge-id1104,89,PRO,PRO,0.55,1,0,1,1
egfr-bridge-id1104,90,ASN,ASN,0.353,1,0,1,1
egfr-bridge-id1104,91,PHE,ASN,0.081,0,0,0,0
egfr-bridge-id1104,92,ALA,ALA,0.108,1,0,0,0
egfr-bridge-id1104,93,GLU,GLU,0.406,1,1,1,0
egfr-bridge-id1104,94,ALA,ALA,0.0,1,0,0,0
egfr-bridge-id1104,95,TYR,LEU,0.097,0,0,0,0
egfr-bridge-id1104,96,PHE,ASN,0.279,0,1,1,0
egfr-bridge-id1104,97,ASN,ASN,0.114,1,1,0,0
egfr-bridge-id1104,98,LEU,LEU,0.0,1,0,0,0
egfr-bridge-id1104,99,GLY,GLY,0.0,1,0,0,0
egfr-bridge-id1104,100,LEU,ASN,0.364,0,1,1,0
egfr-bridge-id1104,101,VAL,VAL,0.035,1,0,0,0
egfr-bridge-id1104,102,TYR,TYR,0.068,1,0,0,0
egfr-bridge-id1104,103,TYR,ARG,0.306,0,1,1,0
egfr-bridge-id1104,104,GLU,LYS,0.476,0,1,1,0
egfr-bridge-id1104,105,GLN,GLN,0.216,1,0,0,0
egfr-bridge-id1104,106,LYS,GLY,0.66,0,0,1,0
egfr-bridge-id1104,107,LYS,ASP,0.386,0,0,1,0
egfr-bridge-id1104,108,TYR,TYR,0.228,1,0,0,0
egfr-bridge-id1104,109,ASP,GLN,0.628,0,0,1,0
egfr-bridge-id1104,110,LEU,LYS,0.336,0,0,1,0
egfr-bridge-id1104,111,ALA,ALA,0.0,1,0,0,0
egfr-bridge-id1104,112,ALA,ILE,0.068,0,0,0,0
egfr-bridge-id1104,113,GLU,GLU,0.342,1,0,1,1
egfr-bridge-id1104,114,TYR,TYR,0.131,1,0,0,0
egfr-bridge-id1104,115,PHE,TYR,0.01,0,0,0,0
egfr-bridge-id1104,116,LEU,GLN,0.414,0,0,1,0
egfr-bridge-id1104,117,LYS,LYS,0.323,1,0,1,1
egfr-bridge-id1104,118,ALA,ALA,0.009,1,0,0,0
egfr-bridge-id1104,119,ALA,LEU,0.003,0,0,0,0
egfr-bridge-id1104,120,GLU,GLU,0.455,1,0,1,1
egfr-bridge-id1104,121,ALA,LEU,0.037,0,0,0,0
egfr-bridge-id1104,122,LEU,LEU,0.201,1,1,0,0
egfr-bridge-id1104,123,GLU,LEU,0.447,0,0,1,0
egfr-bridge-id1104,124,ALA,,0.555,0,0,1,0
egfr-bridge-id1104,125,ASN,,0.44,0,0,1,0
egfr-bridge-id1104,126,GLY,,0.626,0,0,1,0
egfr-bridge-id1104,127,SER,ASP,0.261,0,0,1,0
egfr-bridge-id1104,128,SER,PRO,0.405,0,0,1,0
egfr-bridge-id1104,129,LYS,PRO,0.699,0,1,1,0
egfr-bridge-id1104,130,ALA,,0.58,0,1,1,0
egfr-bridge-id1104,131,ASP,PRO,0.387,0,1,1,0
egfr-bridge-id1104,132,VAL,PRO,0.043,0,0,0,0
egfr-bridge-id1104,133,GLU,,0.284,0,1,1,0
egfr-bridge-id1104,134,SER,,0.404,0,1,1,0
egfr-bridge-id1104,135,THR,,0.082,0,1,0,0
egfr-bridge-id1104,136,ARG,,0.302,0,0,1,0
egfr-bridge-id1104,137,ILE,,0.524,0,1,1,0
egfr-bridge-id1104,138,LEU,,0.325,0,1,1,0
egfr-bridge-id1104,139,ALA,,0.012,0,0,0,0
egfr-bridge-id1104,140,LYS,,0.667,0,1,1,0
egfr-bridge-id1104,141,ASN,,0.449,0,1,1,0
egfr-bridge-id1104,142,VAL,,0.041,0,0,0,0
egfr-bridge-id1104,143,ALA,,0.467,0,0,1,0
egfr-bridge-id1104,144,ALA,,0.697,0,0,1,0
egfr-bridge-id1104,145,GLU,,0.51,0,1,1,0
egfr-bridge-id47,1,SER,,0.681,0,0,1,0
egfr-bridge-id47,2,TRP,,0.53,0,1,1,0
egfr-bridge-id47,3,GLU,,0.562,0,0,1,0
egfr-bridge-id47,4,GLU,,0.542,0,0,1,0
egfr-bridge-id47,5,GLU,ASP,0.363,0,1,1,0
egfr-bridge-id47,6,VAL,TYR,0.073,0,0,0,0
egfr-bridge-id47,7,LYS,GLN,0.602,0,0,1,0
egfr-bridge-id47,8,GLU,LYS,0.505,0,1,1,0
egfr-bridge-id47,9,LYS,ALA,0.386,0,1,1,0
egfr-bridge-id47,10,LEU,ILE,0.12,0,0,0,0
egfr-bridge-id47,11,ALA,GLU,0.363,0,0,1,0
egfr-bridge-id47,12,LEU,TYR,0.516,0,1,1,0
egfr-bridge-id47,13,LEU,TYR,0.126,0,1,0,0
egfr-bridge-id47,14,GLU,GLN,0.459,0,0,1,0
egfr-bridge-id47,15,LYS,LYS,0.606,1,0,1,1
egfr-bridge-id47,16,LYS,ALA,0.395,0,1,1,0
egfr-bridge-id47,17,ILE,LEU,0.112,0,0,0,0
egfr-bridge-id47,18,ALA,GLU,0.621,0,0,1,0
egfr-bridge-id47,19,ALA,LEU,0.685,0,0,1,0
egfr-bridge-id47,20,ASP,ASP,0.338,1,0,1,1
egfr-bridge-id47,21,PRO,PRO,0.498,1,0,1,1
egfr-bridge-id47,22,ASN,ASN,0.577,1,0,1,1
egfr-bridge-id47,23,ASN,ASN,0.164,1,0,0,0
egfr-bridge-id47,24,TYR,ALA,0.279,0,0,1,0
egfr-bridge-id47,25,GLU,GLU,0.304,1,1,1,0
egfr-bridge-id47,26,ALA,ALA,0.0,1,0,0,0
egfr-bridge-id47,27,TYR,LEU,0.079,0,0,0,0
egfr-bridge-id47,28,LEU,ASN,0.012,0,0,0,0
egfr-bridge-id47,29,ASN,ASN,0.249,1,1,0,0
egfr-bridge-id47,30,LYS,LEU,0.063,0,0,0,0
egfr-bridge-id47,31,GLY,GLY,0.0,1,0,0,0
egfr-bridge-id47,32,ASN,ASN,0.242,1,1,0,0
egfr-bridge-id47,33,VAL,VAL,0.12,1,1,0,0
egfr-bridge-id47,34,TYR,TYR,0.12,1,0,0,0
egfr-bridge-id47,35,ALA,ARG,0.206,0,1,0,0
egfr-bridge-id47,36,THR,LYS,0.61,0,1,1,0
egfr-bridge-id47,37,ALA,GLN,0.317,0,1,1,0
egfr-bridge-id47,38,GLY,GLY,0.403,1,0,1,1
egfr-bridge-id47,39,LYS,ASP,0.456,0,0,1,0
egfr-bridge-id47,40,TYR,TYR,0.272,1,0,1,1
egfr-bridge-id47,41,GLU,GLN,0.636,0,0,1,0
egfr-bridge-id47,42,GLU,LYS,0.288,0,0,1,0
egfr-bridge-id47,43,ALA,ALA,0.0,1,0,0,0
egfr-bridge-id47,44,ILE,ILE,0.092,1,0,0,0
egfr-bridge-id47,45,GLU,GLU,0.474,1,0,1,1
egfr-bridge-id47,46,TYR,TYR,0.155,1,0,0,0
egfr-bridge-id47,47,TYR,TYR,0.016,1,1,0,0
egfr-bridge-id47,48,LYS,GLN,0.401,0,0,1,0
egfr-bridge-id47,49,LYS,LYS,0.31,1,0,1,1
egfr-bridge-id47,50,ALA,ALA,0.0,1,0,0,0
egfr-bridge-id47,51,ILE,LEU,0.113,0,0,0,0
egfr-bridge-id47,52,GLU,GLU,0.541,1,0,1,1
egfr-bridge-id47,53,LEU,LEU,0.276,1,0,1,1
egfr-bridge-id47,54,ASP,ASP,0.197,1,0,0,0
egfr-bridge-id47,55,PRO,PRO,0.492,1,0,1,1
egfr-bridge-id47,56,ASN,ASN,0.587,1,0,1,1
egfr-bridge-id47,57,ASN,ASN,0.088,1,0,0,0
egfr-bridge-id47,58,TYR,ALA,0.354,0,0,1,0
egfr-bridge-id47,59,GLU,GLU,0.38,1,1,1,0
egfr-bridge-id47,60,ALA,ALA,0.0,1,0,0,0
egfr-bridge-id47,61,TYR,LEU,0.102,0,0,0,0
egfr-bridge-id47,62,LEU,ASN,0.091,0,0,0,0
egfr-bridge-id47,63,ASN,ASN,0.142,1,1,0,0
egfr-bridge-id47,64,LEU,LEU,0.003,1,0,0,0
egfr-bridge-id47,65,GLY,GLY,0.0,1,0,0,0
egfr-bridge-id47,66,GLU,ASN,0.393,0,1,1,0
egfr-bridge-id47,67,THR,VAL,0.022,0,0,0,0
egfr-bridge-id47,68,TYR,TYR,0.051,1,0,0,0
egfr-bridge-id47,69,ALA,ARG,0.155,0,0,0,0
egfr-bridge-id47,70,ASP,LYS,0.423,0,1,1,0
egfr-bridge-id47,71,ALA,GLN,0.336,0,0,1,0
egfr-bridge-id47,72,GLY,GLY,0.394,1,0,1,1
egfr-bridge-id47,73,LYS,ASP,0.437,0,0,1,0
egfr-bridge-id47,74,TYR,TYR,0.188,1,0,0,0
egfr-bridge-id47,75,GLU,GLN,0.638,0,0,1,0
egfr-bridge-id47,76,GLU,LYS,0.292,0,0,1,0
egfr-bridge-id47,77,ALA,ALA,0.0,1,0,0,0
egfr-bridge-id47,78,ILE,ILE,0.112,1,0,0,0
egfr-bridge-id47,79,GLU,GLU,0.397,1,0,1,1
egfr-bridge-id47,80,TYR,TYR,0.158,1,0,0,0
egfr-bridge-id47,81,TYR,TYR,0.015,1,1,0,0
egfr-bridge-id47,82,GLU,GLN,0.366,0,0,1,0
egfr-bridge-id47,83,LYS,LYS,0.401,1,0,1,1
egfr-bridge-id47,84,ALA,ALA,0.0,1,0,0,0
egfr-bridge-id47,85,ILE,LEU,0.121,0,0,0,0
egfr-bridge-id47,86,GLU,GLU,0.552,1,0,1,1
egfr-bridge-id47,87,LEU,LEU,0.369,1,0,1,1
egfr-bridge-id47,88,ASP,ASP,0.132,1,0,0,0
egfr-bridge-id47,89,PRO,PRO,0.535,1,0,1,1
egfr-bridge-id47,90,ASN,ASN,0.264,1,0,1,1
egfr-bridge-id47,91,ASN,ASN,0.04,1,0,0,0
egfr-bridge-id47,92,TYR,ALA,0.236,0,1,0,0
egfr-bridge-id47,93,VAL,GLU,0.366,0,1,1,0
egfr-bridge-id47,94,ALA,ALA,0.0,1,0,0,0
egfr-bridge-id47,95,TYR,LEU,0.112,0,0,0,0
egfr-bridge-id47,96,PHE,ASN,0.215,0,1,0,0
egfr-bridge-id47,97,ASN,ASN,0.136,1,1,0,0
egfr-bridge-id47,98,LYS,LEU,0.09,0,0,0,0
egfr-bridge-id47,99,GLY,GLY,0.0,1,0,0,0
egfr-bridge-id47,100,LEU,ASN,0.38,0,1,1,0
egfr-bridge-id47,101,VAL,VAL,0.036,1,0,0,0
egfr-bridge-id47,102,TYR,TYR,0.115,1,0,0,0
egfr-bridge-id47,103,GLU,ARG,0.201,0,1,0,0
egfr-bridge-id47,104,LYS,LYS,0.584,1,1,1,0
egfr-bridge-id47,105,LEU,GLN,0.288,0,0,1,0
egfr-bridge-id47,106,LYS,GLY,0.655,0,0,1,0
egfr-bridge-id47,107,LYS,ASP,0.413,0,0,1,0
egfr-bridge-id47,108,TYR,TYR,0.239,1,0,0,0
egfr-bridge-id47,109,GLU,GLN,0.658,0,0,1,0
egfr-bridge-id47,110,GLU,LYS,0.313,0,0,1,0
egfr-bridge-id47,111,ALA,ALA,0.0,1,0,0,0
egfr-bridge-id47,112,ALA,ILE,0.011,0,0,0,0
egfr-bridge-id47,113,GLU,GLU,0.387,1,0,1,1
egfr-bridge-id47,114,GLU,TYR,0.044,0,0,0,0
egfr-bridge-id47,115,PHE,TYR,0.011,0,0,0,0
egfr-bridge-id47,116,LEU,GLN,0.333,0,0,1,0
egfr-bridge-id47,117,LYS,LYS,0.341,1,0,1,1
egfr-bridge-id47,118,ALA,ALA,0.0,1,0,0,0
egfr-bridge-id47,119,ALA,LEU,0.02,0,0,0,0
egfr-bridge-id47,120,GLU,GLU,0.469,1,0,1,1
egfr-bridge-id47,121,ALA,LEU,0.037,0,0,0,0
egfr-bridge-id47,122,ALA,LEU,0.0,0,0,0,0
egfr-bridge-id47,123,GLU,LEU,0.468,0,0,1,0
egfr-bridge-id47,124,LYS,,0.65,0,0,1,0
egfr-bridge-id47,125,ARG,,0.447,0,0,1,0
egfr-bridge-id47,126,GLY,,0.604,0,0,1,0
egfr-bridge-id47,127,ALA,ASP,0.153,0,0,0,0
egfr-bridge-id47,128,PRO,PRO,0.403,1,0,1,1
egfr-bridge-id47,129,LYS,PRO,0.785,0,1,1,0
egfr-bridge-id47,130,TYR,PRO,0.628,0,1,1,0
egfr-bridge-id47,131,ASP,PRO,0.228,0,1,0,0
egfr-bridge-id47,132,VAL,PRO,0.054,0,0,0,0
egfr-bridge-id47,133,GLU,,0.387,0,1,1,0
egfr-bridge-id47,134,SER,,0.313,0,1,1,0
egfr-bridge-id47,135,LEU,,0.043,0,1,0,0
egfr-bridge-id47,136,ARG,,0.422,0,0,1,0
egfr-bridge-id47,137,ILE,,0.432,0,1,1,0
egfr-bridge-id47,138,MET,,0.346,0,1,1,0
egfr-bridge-id47,139,ALA,,0.013,0,0,0,0
egfr-bridge-id47,140,LYS,,0.618,0,1,1,0
egfr-bridge-id47,141,ASN,,0.413,0,1,1,0
egfr-bridge-id47,142,VAL,,0.046,0,0,0,0
egfr-bridge-id47,143,LYS,,0.571,0,0,1,0
egfr-bridge-id47,144,GLU,,0.657,0,0,1,0
egfr-bridge-id47,145,LYS,,0.601,0,1,1,0
