design,resi,resn,ref_resn,ref_resi,dist,aligned,identical,interface
egfr-bridge-id85,1,SER,,,6.77,0,0,0
egfr-bridge-id85,2,PHE,,,4.95,0,0,1
egfr-bridge-id85,3,GLU,,,5.39,0,0,0
egfr-bridge-id85,4,GLU,,,4.7,0,0,0
egfr-bridge-id85,5,GLU,ASP,18,1.56,1,0,1
egfr-bridge-id85,6,ILE,TYR,19,1.32,1,0,1
egfr-bridge-id85,7,GLU,GLN,20,1.24,1,0,0
egfr-bridge-id85,8,GLU,LYS,21,0.55,1,0,1
egfr-bridge-id85,9,LYS,ALA,22,0.33,1,0,1
egfr-bridge-id85,10,LEU,ILE,23,0.57,1,0,0
egfr-bridge-id85,11,LYS,GLU,24,0.56,1,0,0
egfr-bridge-id85,12,ILE,TYR,25,0.3,1,0,1
egfr-bridge-id85,13,LEU,TYR,26,0.31,1,0,1
egfr-bridge-id85,14,ASP,GLN,27,0.77,1,0,0
egfr-bridge-id85,15,LYS,LYS,28,0.73,1,1,0
egfr-bridge-id85,16,ARG,ALA,29,0.34,1,0,1
egfr-bridge-id85,17,LEU,LEU,30,0.38,1,1,0
egfr-bridge-id85,18,ALA,GLU,31,0.6,1,0,0
egfr-bridge-id85,19,GLU,LEU,32,0.63,1,0,0
egfr-bridge-id85,20,ASP,ASP,33,0.46,1,1,0
egfr-bridge-id85,21,PRO,PRO,34,0.56,1,1,0
egfr-bridge-id85,22,ASN,ASN,35,0.75,1,1,0
egfr-bridge-id85,23,ASP,ASN,36,0.21,1,0,0
egfr-bridge-id85,24,ALA,ALA,37,1.25,1,1,0
egfr-bridge-id85,25,GLU,GLU,38,1.27,1,1,0
egfr-bridge-id85,26,ALA,ALA,39,0.7,1,1,0
egfr-bridge-id85,27,TYR,LEU,40,0.59,1,0,0
egfr-bridge-id85,28,TYR,ASN,41,0.51,1,0,1
egfr-bridge-id85,29,ASN,ASN,42,0.49,1,1,1
egfr-bridge-id85,30,LYS,LEU,43,0.11,1,0,0
egfr-bridge-id85,31,GLY,GLY,44,0.17,1,1,0
egfr-bridge-id85,32,ASN,ASN,45,0.33,1,1,1
egfr-bridge-id85,33,VAL,VAL,46,0.28,1,1,0
egfr-bridge-id85,34,TYR,TYR,47,0.23,1,1,0
egfr-bridge-id85,35,ALA,ARG,48,0.18,1,0,0
egfr-bridge-id85,36,THR,LYS,49,0.23,1,0,1
egfr-bridge-id85,37,ALA,GLN,50,0.24,1,0,1
egfr-bridge-id85,38,GLY,GLY,51,0.32,1,1,0
egfr-bridge-id85,39,LYS,ASP,52,0.43,1,0,0
egfr-bridge-id85,40,TYR,TYR,53,0.3,1,1,0
egfr-bridge-id85,41,ASP,GLN,54,0.37,1,0,0
egfr-bridge-id85,42,LYS,LYS,55,0.28,1,1,0
egfr-bridge-id85,43,ALA,ALA,56,0.08,1,1,0
egfr-bridge-id85,44,ILE,ILE,57,0.29,1,1,0
egfr-bridge-id85,45,GLU,GLU,58,0.5,1,1,0
egfr-bridge-id85,46,ASP,TYR,59,0.28,1,0,0
egfr-bridge-id85,47,TYR,TYR,60,0.18,1,1,0
egfr-bridge-id85,48,GLU,GLN,61,0.35,1,0,0
egfr-bridge-id85,49,LYS,LYS,62,0.26,1,1,0
egfr-bridge-id85,50,ALA,ALA,63,0.43,1,1,0
egfr-bridge-id85,51,LEU,LEU,64,0.62,1,1,0
egfr-bridge-id85,52,GLU,GLU,65,0.38,1,1,0
egfr-bridge-id85,53,LEU,LEU,66,0.77,1,1,0
egfr-bridge-id85,54,ASP,ASP,67,1.07,1,1,0
egfr-bridge-id85,55,PRO,PRO,68,1.13,1,1,0
egfr-bridge-id85,56,ASN,ASN,69,1.17,1,1,0
egfr-bridge-id85,57,ASN,ASN,70,0.73,1,1,0
egfr-bridge-id85,58,ALA,ALA,71,0.85,1,1,0
egfr-bridge-id85,59,GLU,GLU,72,0.57,1,1,0
egfr-bridge-id85,60,ALA,ALA,73,0.41,1,1,0
egfr-bridge-id85,61,TYR,LEU,74,0.08,1,0,0
egfr-bridge-id85,62,TYR,ASN,75,0.5,1,0,1
egfr-bridge-id85,63,ASN,ASN,76,0.6,1,1,1
egfr-bridge-id85,64,LEU,LEU,77,0.52,1,1,0
egfr-bridge-id85,65,GLY,GLY,78,0.48,1,1,0
egfr-bridge-id85,66,GLU,ASN,79,0.67,1,0,1
egfr-bridge-id85,67,VAL,VAL,80,0.71,1,1,0
egfr-bridge-id85,68,TYR,TYR,81,0.7,1,1,0
egfr-bridge-id85,69,ALA,ARG,82,0.76,1,0,0
egfr-bridge-id85,70,ASP,LYS,83,0.97,1,0,1
egfr-bridge-id85,71,ALA,GLN,84,0.99,1,0,0
egfr-bridge-id85,72,GLY,GLY,85,0.81,1,1,0
egfr-bridge-id85,73,LYS,ASP,86,0.75,1,0,0
egfr-bridge-id85,74,TYR,TYR,87,0.52,1,1,0
egfr-bridge-id85,75,ASP,GLN,88,0.62,1,0,0
egfr-bridge-id85,76,LYS,LYS,89,0.57,1,1,0
egfr-bridge-id85,77,ALA,ALA,90,0.59,1,1,0
egfr-bridge-id85,78,ILE,ILE,91,0.42,1,1,0
egfr-bridge-id85,79,GLU,GLU,92,0.43,1,1,0
egfr-bridge-id85,80,TYR,TYR,93,0.41,1,1,0
egfr-bridge-id85,81,TYR,TYR,94,0.3,1,1,1
egfr-bridge-id85,82,ASP,GLN,95,0.53,1,0,0
egfr-bridge-id85,83,LYS,LYS,96,0.75,1,1,0
egfr-bridge-id85,84,ALA,ALA,97,0.68,1,1,0
egfr-bridge-id85,85,LEU,LEU,98,0.96,1,1,0
egfr-bridge-id85,86,GLU,GLU,99,1.5,1,1,0
egfr-bridge-id85,87,LEU,LEU,100,1.52,1,1,0
egfr-bridge-id85,88,ASP,ASP,101,1.57,1,1,0
egfr-bridge-id85,89,PRO,PRO,102,1.31,1,1,0
egfr-bridge-id85,90,LEU,ASN,103,0.93,1,0,0
egfr-bridge-id85,91,ASN,ASN,104,0.8,1,1,0
egfr-bridge-id85,92,ALA,ALA,105,1.16,1,1,0
egfr-bridge-id85,93,VAL,GLU,106,1.48,1,0,1
egfr-bridge-id85,94,ALA,ALA,107,0.93,1,1,0
egfr-bridge-id85,95,TYR,LEU,108,0.64,1,0,0
egfr-bridge-id85,96,PHE,ASN,109,0.92,1,0,1
egfr-bridge-id85,97,ASN,ASN,110,1.17,1,1,1
egfr-bridge-id85,98,ARG,LEU,111,0.73,1,0,0
egfr-bridge-id85,99,GLY,GLY,112,0.42,1,1,0
egfr-bridge-id85,100,LEU,ASN,113,0.88,1,0,1
egfr-bridge-id85,101,VAL,VAL,114,0.58,1,1,0
egfr-bridge-id85,102,TYR,TYR,115,0.4,1,1,0
egfr-bridge-id85,103,TYR,ARG,116,0.45,1,0,1
egfr-bridge-id85,104,GLU,LYS,117,0.64,1,0,1
egfr-bridge-id85,105,GLN,GLN,118,0.79,1,1,0
egfr-bridge-id85,106,LYS,GLY,119,0.8,1,0,0
egfr-bridge-id85,107,LYS,ASP,120,0.61,1,0,0
egfr-bridge-id85,108,TYR,TYR,121,0.68,1,1,0
egfr-bridge-id85,109,ASP,GLN,122,0.33,1,0,0
egfr-bridge-id85,110,GLU,LYS,123,0.48,1,0,0
egfr-bridge-id85,111,ALA,ALA,124,0.44,1,1,0
egfr-bridge-id85,112,ALA,ILE,125,0.68,1,0,0
egfr-bridge-id85,113,ALA,GLU,126,0.59,1,0,0
egfr-bridge-id85,114,ASP,TYR,127,0.58,1,0,0
egfr-bridge-id85,115,PHE,TYR,128,0.83,1,0,0
egfr-bridge-id85,116,GLU,GLN,129,0.94,1,0,0
egfr-bridge-id85,117,LYS,LYS,130,0.92,1,1,0
egfr-bridge-id85,118,ALA,ALA,131,0.9,1,1,0
egfr-bridge-id85,119,ALA,LEU,132,1.39,1,0,0
egfr-bridge-id85,120,GLU,GLU,133,1.51,1,1,0
egfr-bridge-id85,121,ALA,LEU,134,2.72,1,0,0
egfr-bridge-id85,122,LEU,LEU,134,1.79,1,1,1
egfr-bridge-id85,123,GLU,LEU,134,2.97,1,0,0
egfr-bridge-id85,124,LYS,LEU,134,3.95,1,0,0
egfr-bridge-id85,125,ARG,,,4.75,0,0,0
egfr-bridge-id85,126,GLY,,,4.64,0,0,0
egfr-bridge-id85,127,ALA,ASP,135,2.59,1,0,0
egfr-bridge-id85,128,PRO,PRO,136,3.14,1,1,0
egfr-bridge-id85,129,LYS,PRO,136,2.93,1,0,1
egfr-bridge-id85,130,TYR,,,4.83,0,0,1
egfr-bridge-id85,131,ASP,,,4.05,0,0,1
egfr-bridge-id85,132,VAL,LEU,132,3.9,1,0,0
egfr-bridge-id85,133,GLU,,,6.62,0,0,1
egfr-bridge-id85,134,SER,,,7.64,0,0,1
egfr-bridge-id85,135,THR,,,5.1,0,0,1
egfr-bridge-id85,136,ARG,,,5.59,0,0,0
egfr-bridge-id85,137,ILE,,,9.0,0,0,1
egfr-bridge-id85,138,LEU,,,7.05,0,0,1
egfr-bridge-id85,139,ALA,,,4.13,0,0,0
egfr-bridge-id85,140,ALA,,,7.04,0,0,0
egfr-bridge-id85,141,ASN,,,8.13,0,0,1
egfr-bridge-id85,142,ALA,,,5.19,0,0,0
egfr-bridge-id85,143,LYS,,,6.46,0,0,0
egfr-bridge-id85,144,ALA,,,8.9,0,0,0
egfr-bridge-id85,145,ALA,,,7.18,0,0,0
egfr-bridge-id1104,1,SER,,,5.85,0,0,1
egfr-bridge-id1104,2,ILE,GLY,17,2.81,1,0,1
egfr-bridge-id1104,3,GLU,,,4.32,0,0,1
egfr-bridge-id1104,4,ASP,ASP,18,2.99,1,1,0
egfr-bridge-id1104,5,GLU,ASP,18,1.16,1,0,1
egfr-bridge-id1104,6,VAL,TYR,19,0.6,1,0,1
egfr-bridge-id1104,7,LYS,GLN,20,1.25,1,0,0
egfr-bridge-id1104,8,GLU,LYS,21,1.45,1,0,1
egfr-bridge-id1104,9,LYS,ALA,22,0.95,1,0,1
egfr-bridge-id1104,10,ILE,ILE,23,0.69,1,1,0
egfr-bridge-id1104,11,GLU,GLU,24,0.95,1,1,0
egfr-bridge-id1104,12,ILE,TYR,25,1.13,1,0,1
egfr-bridge-id1104,13,LEU,TYR,26,0.56,1,0,0
egfr-bridge-id1104,14,ASP,GLN,27,0.51,1,0,0
egfr-bridge-id1104,15,LYS,LYS,28,0.95,1,1,0
egfr-bridge-id1104,16,LYS,ALA,29,0.9,1,0,1
egfr-bridge-id1104,17,ILE,LEU,30,0.84,1,0,0
egfr-bridge-id1104,18,LYS,GLU,31,0.88,1,0,0
egfr-bridge-id1104,19,GLU,LEU,32,0.94,1,0,0
egfr-bridge-id1104,20,ASP,ASP,33,0.58,1,1,0
egfr-bridge-id1104,21,PRO,PRO,34,0.76,1,1,0
egfr-bridge-id1104,22,ASN,ASN,35,0.9,1,1,0
egfr-bridge-id1104,23,ASN,ASN,36,0.86,1,1,0
egfr-bridge-id1104,24,ALA,ALA,37,1.56,1,1,0
egfr-bridge-id1104,25,GLU,GLU,38,1.85,1,1,0
egfr-bridge-id1104,26,ALA,ALA,39,1.11,1,1,0
egfr-bridge-id1104,27,TYR,LEU,40,0.74,1,0,0
egfr-bridge-id1104,28,TYR,ASN,41,0.85,1,0,0
egfr-bridge-id1104,29,ASN,ASN,42,0.87,1,1,1
egfr-bridge-id1104,30,ARG,LEU,43,0.5,1,0,0
egfr-bridge-id1104,31,GLY,GLY,44,0.33,1,1,0
egfr-bridge-id1104,32,ASN,ASN,45,0.67,1,1,1
egfr-bridge-id1104,33,VAL,VAL,46,0.33,1,1,1
egfr-bridge-id1104,34,TYR,TYR,47,0.28,1,1,0
egfr-bridge-id1104,35,ALA,ARG,48,0.51,1,0,0
egfr-bridge-id1104,36,PHE,LYS,49,0.56,1,0,1
egfr-bridge-id1104,37,ALA,GLN,50,0.44,1,0,1
egfr-bridge-id1104,38,GLY,GLY,51,0.47,1,1,0
egfr-bridge-id1104,39,LYS,ASP,52,0.17,1,0,0
egfr-bridge-id1104,40,TYR,TYR,53,0.02,1,1,0
egfr-bridge-id1104,41,GLU,GLN,54,0.12,1,0,0
egfr-bridge-id1104,42,GLU,LYS,55,0.12,1,0,0
egfr-bridge-id1104,43,ALA,ALA,56,0.08,1,1,0
egfr-bridge-id1104,44,ILE,ILE,57,0.19,1,1,0
egfr-bridge-id1104,45,LYS,GLU,58,0.55,1,0,0
egfr-bridge-id1104,46,ASP,TYR,59,0.43,1,0,0
egfr-bridge-id1104,47,TYR,TYR,60,0.34,1,1,0
egfr-bridge-id1104,48,GLU,GLN,61,0.24,1,0,0
egfr-bridge-id1104,49,LYS,LYS,62,0.4,1,1,0
egfr-bridge-id1104,50,ALA,ALA,63,0.23,1,1,0
egfr-bridge-id1104,51,ILE,LEU,64,0.24,1,0,0
egfr-bridge-id1104,52,LYS,GLU,65,0.34,1,0,0
egfr-bridge-id1104,53,LEU,LEU,66,0.5,1,1,0
egfr-bridge-id1104,54,ASP,ASP,67,0.49,1,1,0
egfr-bridge-id1104,55,PRO,PRO,68,0.98,1,1,0
egfr-bridge-id1104,56,ASN,ASN,69,1.14,1,1,0
egfr-bridge-id1104,57,PHE,ASN,70,1.05,1,0,0
egfr-bridge-id1104,58,ALA,ALA,71,1.15,1,1,0
egfr-bridge-id1104,59,GLU,GLU,72,0.92,1,1,0
egfr-bridge-id1104,60,ALA,ALA,73,0.84,1,1,0
egfr-bridge-id1104,61,TYR,LEU,74,0.55,1,0,0
egfr-bridge-id1104,62,TYR,ASN,75,0.56,1,0,1
egfr-bridge-id1104,63,ASN,ASN,76,0.38,1,1,1
egfr-bridge-id1104,64,LEU,LEU,77,0.07,1,1,0
egfr-bridge-id1104,65,GLY,GLY,78,0.12,1,1,0
egfr-bridge-id1104,66,ASP,ASN,79,0.53,1,0,1
egfr-bridge-id1104,67,THR,VAL,80,0.62,1,0,0
egfr-bridge-id1104,68,TYR,TYR,81,0.57,1,1,0
egfr-bridge-id1104,69,ALA,ARG,82,0.58,1,0,0
egfr-bridge-id1104,70,GLU,LYS,83,0.88,1,0,1
egfr-bridge-id1104,71,ALA,GLN,84,0.99,1,0,0
egfr-bridge-id1104,72,GLY,GLY,85,0.94,1,1,0
egfr-bridge-id1104,73,LYS,ASP,86,0.9,1,0,0
egfr-bridge-id1104,74,TYR,TYR,87,0.56,1,1,0
egfr-bridge-id1104,75,GLU,GLN,88,0.59,1,0,0
egfr-bridge-id1104,76,GLU,LYS,89,0.49,1,0,0
egfr-bridge-id1104,77,ALA,ALA,90,0.37,1,1,0
egfr-bridge-id1104,78,ILE,ILE,91,0.1,1,1,0
egfr-bridge-id1104,79,GLU,GLU,92,0.26,1,1,0
egfr-bridge-id1104,80,TYR,TYR,93,0.24,1,1,0
egfr-bridge-id1104,81,TYR,TYR,94,0.28,1,1,1
egfr-bridge-id1104,82,GLU,GLN,95,0.46,1,0,0
egfr-bridge-id1104,83,LYS,LYS,96,0.43,1,1,0
egfr-bridge-id1104,84,ALA,ALA,97,0.55,1,1,0
egfr-bridge-id1104,85,ILE,LEU,98,0.96,1,0,0
egfr-bridge-id1104,86,LYS,GLU,99,1.19,1,0,0
egfr-bridge-id1104,87,LEU,LEU,100,1.04,1,1,0
egfr-bridge-id1104,88,ASP,ASP,101,1.21,1,1,0
egfr-bridge-id1104,89,PRO,PRO,102,1.4,1,1,0
egfr-bridge-id1104,90,ASN,ASN,103,1.11,1,1,0
egfr-bridge-id1104,91,PHE,ASN,104,0.57,1,0,0
egfr-bridge-id1104,92,ALA,ALA,105,0.42,1,1,0
egfr-bridge-id1104,93,GLU,GLU,106,0.72,1,1,1
egfr-bridge-id1104,94,ALA,ALA,107,0.57,1,1,0
egfr-bridge-id1104,95,TYR,LEU,108,0.18,1,0,0
egfr-bridge-id1104,96,PHE,ASN,109,0.34,1,0,1
egfr-bridge-id1104,97,ASN,ASN,110,0.64,1,1,1
egfr-bridge-id1104,98,LEU,LEU,111,0.37,1,1,0
egfr-bridge-id1104,99,GLY,GLY,112,0.15,1,1,0
egfr-bridge-id1104,100,LEU,ASN,113,0.41,1,0,1
egfr-bridge-id1104,101,VAL,VAL,114,0.24,1,1,0
egfr-bridge-id1104,102,TYR,TYR,115,0.18,1,1,0
egfr-bridge-id1104,103,TYR,ARG,116,0.08,1,0,1
egfr-bridge-id1104,104,GLU,LYS,117,0.24,1,0,1
egfr-bridge-id1104,105,GLN,GLN,118,0.44,1,1,0
egfr-bridge-id1104,106,LYS,GLY,119,0.61,1,0,0
egfr-bridge-id1104,107,LYS,ASP,120,0.42,1,0,0
egfr-bridge-id1104,108,TYR,TYR,121,0.25,1,1,0
egfr-bridge-id1104,109,ASP,GLN,122,0.16,1,0,0
egfr-bridge-id1104,110,LEU,LYS,123,0.26,1,0,0
egfr-bridge-id1104,111,ALA,ALA,124,0.2,1,1,0
egfr-bridge-id1104,112,ALA,ILE,125,0.25,1,0,0
egfr-bridge-id1104,113,GLU,GLU,126,0.33,1,1,0
egfr-bridge-id1104,114,TYR,TYR,127,0.17,1,1,0
egfr-bridge-id1104,115,PHE,TYR,128,0.22,1,0,0
egfr-bridge-id1104,116,LEU,GLN,129,0.69,1,0,0
egfr-bridge-id1104,117,LYS,LYS,130,0.86,1,1,0
egfr-bridge-id1104,118,ALA,ALA,131,0.74,1,1,0
egfr-bridge-id1104,119,ALA,LEU,132,1.23,1,0,0
egfr-bridge-id1104,120,GLU,GLU,133,1.84,1,1,0
egfr-bridge-id1104,121,ALA,LEU,134,2.93,1,0,0
egfr-bridge-id1104,122,LEU,LEU,134,2.34,1,1,1
egfr-bridge-id1104,123,GLU,LEU,134,2.53,1,0,0
egfr-bridge-id1104,124,ALA,,,4.02,0,0,0
egfr-bridge-id1104,125,ASN,,,5.38,0,0,0
egfr-bridge-id1104,126,GLY,,,5.15,0,0,0
egfr-bridge-id1104,127,SER,ASP,135,3.16,1,0,0
egfr-bridge-id1104,128,SER,PRO,136,3.57,1,0,0
egfr-bridge-id1104,129,LYS,PRO,136,3.08,1,0,1
egfr-bridge-id1104,130,ALA,,,4.48,0,0,1
egfr-bridge-id1104,131,ASP,PRO,136,3.55,1,0,1
egfr-bridge-id1104,132,VAL,PRO,136,2.94,1,0,0
egfr-bridge-id1104,133,GLU,,,5.64,0,0,1
egfr-bridge-id1104,134,SER,,,7.28,0,0,1
egfr-bridge-id1104,135,THR,,,4.58,0,0,1
egfr-bridge-id1104,136,ARG,,,5.28,0,0,0
egfr-bridge-id1104,137,ILE,,,8.5,0,0,1
egfr-bridge-id1104,138,LEU,,,7.25,0,0,1
egfr-bridge-id1104,139,ALA,,,4.39,0,0,0
egfr-bridge-id1104,140,LYS,,,6.63,0,0,1
egfr-bridge-id1104,141,ASN,,,8.12,0,0,1
egfr-bridge-id1104,142,VAL,,,5.72,0,0,0
egfr-bridge-id1104,143,ALA,,,5.45,0,0,0
egfr-bridge-id1104,144,ALA,,,8.75,0,0,0
egfr-bridge-id1104,145,GLU,,,7.37,0,0,1
egfr-bridge-id47,1,SER,,,8.12,0,0,0
egfr-bridge-id47,2,TRP,,,5.55,0,0,1
egfr-bridge-id47,3,GLU,,,5.63,0,0,0
egfr-bridge-id47,4,GLU,,,4.87,0,0,0
egfr-bridge-id47,5,GLU,ASP,18,2.58,1,0,1
egfr-bridge-id47,6,VAL,TYR,19,1.84,1,0,0
egfr-bridge-id47,7,LYS,GLN,20,1.58,1,0,0
egfr-bridge-id47,8,GLU,LYS,21,1.0,1,0,1
egfr-bridge-id47,9,LYS,ALA,22,0.76,1,0,1
egfr-bridge-id47,10,LEU,ILE,23,0.4,1,0,0
egfr-bridge-id47,11,ALA,GLU,24,0.48,1,0,0
egfr-bridge-id47,12,LEU,TYR,25,0.27,1,0,1
egfr-bridge-id47,13,LEU,TYR,26,0.31,1,0,1
egfr-bridge-id47,14,GLU,GLN,27,0.25,1,0,0
egfr-bridge-id47,15,LYS,LYS,28,0.58,1,1,0
egfr-bridge-id47,16,LYS,ALA,29,0.73,1,0,1
egfr-bridge-id47,17,ILE,LEU,30,0.86,1,0,0
egfr-bridge-id47,18,ALA,GLU,31,1.03,1,0,0
egfr-bridge-id47,19,ALA,LEU,32,1.25,1,0,0
egfr-bridge-id47,20,ASP,ASP,33,1.05,1,1,0
egfr-bridge-id47,21,PRO,PRO,34,1.25,1,1,0
egfr-bridge-id47,22,ASN,ASN,35,1.44,1,1,0
egfr-bridge-id47,23,ASN,ASN,36,0.98,1,1,0
egfr-bridge-id47,24,TYR,ALA,37,1.12,1,0,0
egfr-bridge-id47,25,GLU,GLU,38,1.23,1,1,1
egfr-bridge-id47,26,ALA,ALA,39,0.75,1,1,0
egfr-bridge-id47,27,TYR,LEU,40,0.75,1,0,0
egfr-bridge-id47,28,LEU,ASN,41,0.71,1,0,0
egfr-bridge-id47,29,ASN,ASN,42,0.63,1,1,1
egfr-bridge-id47,30,LYS,LEU,43,0.44,1,0,0
egfr-bridge-id47,31,GLY,GLY,44,0.58,1,1,0
egfr-bridge-id47,32,ASN,ASN,45,0.72,1,1,1
egfr-bridge-id47,33,VAL,VAL,46,0.42,1,1,1
egfr-bridge-id47,34,TYR,TYR,47,0.6,1,1,0
egfr-bridge-id47,35,ALA,ARG,48,0.63,1,0,1
egfr-bridge-id47,36,THR,LYS,49,0.69,1,0,1
egfr-bridge-id47,37,ALA,GLN,50,0.64,1,0,1
egfr-bridge-id47,38,GLY,GLY,51,0.8,1,1,0
egfr-bridge-id47,39,LYS,ASP,52,0.83,1,0,0
egfr-bridge-id47,40,TYR,TYR,53,0.71,1,1,0
egfr-bridge-id47,41,GLU,GLN,54,0.86,1,0,0
egfr-bridge-id47,42,GLU,LYS,55,0.63,1,0,0
egfr-bridge-id47,43,ALA,ALA,56,0.41,1,1,0
egfr-bridge-id47,44,ILE,ILE,57,0.75,1,1,0
egfr-bridge-id47,45,GLU,GLU,58,0.82,1,1,0
egfr-bridge-id47,46,TYR,TYR,59,0.6,1,1,0
egfr-bridge-id47,47,TYR,TYR,60,0.54,1,1,1
egfr-bridge-id47,48,LYS,GLN,61,0.63,1,0,0
egfr-bridge-id47,49,LYS,LYS,62,0.62,1,1,0
egfr-bridge-id47,50,ALA,ALA,63,0.61,1,1,0
egfr-bridge-id47,51,ILE,LEU,64,0.67,1,0,0
egfr-bridge-id47,52,GLU,GLU,65,0.64,1,1,0
egfr-bridge-id47,53,LEU,LEU,66,0.82,1,1,0
egfr-bridge-id47,54,ASP,ASP,67,0.73,1,1,0
egfr-bridge-id47,55,PRO,PRO,68,0.85,1,1,0
egfr-bridge-id47,56,ASN,ASN,69,1.16,1,1,0
egfr-bridge-id47,57,ASN,ASN,70,1.0,1,1,0
egfr-bridge-id47,58,TYR,ALA,71,0.86,1,0,0
egfr-bridge-id47,59,GLU,GLU,72,0.7,1,1,1
egfr-bridge-id47,60,ALA,ALA,73,0.61,1,1,0
egfr-bridge-id47,61,TYR,LEU,74,0.15,1,0,0
egfr-bridge-id47,62,LEU,ASN,75,0.45,1,0,0
egfr-bridge-id47,63,ASN,ASN,76,0.45,1,1,1
egfr-bridge-id47,64,LEU,LEU,77,0.36,1,1,0
egfr-bridge-id47,65,GLY,GLY,78,0.37,1,1,0
egfr-bridge-id47,66,GLU,ASN,79,0.55,1,0,1
egfr-bridge-id47,67,THR,VAL,80,0.63,1,0,0
egfr-bridge-id47,68,TYR,TYR,81,0.42,1,1,0
egfr-bridge-id47,69,ALA,ARG,82,0.32,1,0,0
egfr-bridge-id47,70,ASP,LYS,83,0.46,1,0,1
egfr-bridge-id47,71,ALA,GLN,84,0.59,1,0,0
egfr-bridge-id47,72,GLY,GLY,85,0.34,1,1,0
egfr-bridge-id47,73,LYS,ASP,86,0.37,1,0,0
egfr-bridge-id47,74,TYR,TYR,87,0.3,1,1,0
egfr-bridge-id47,75,GLU,GLN,88,0.64,1,0,0
egfr-bridge-id47,76,GLU,LYS,89,0.46,1,0,0
egfr-bridge-id47,77,ALA,ALA,90,0.49,1,1,0
egfr-bridge-id47,78,ILE,ILE,91,0.42,1,1,0
egfr-bridge-id47,79,GLU,GLU,92,0.45,1,1,0
egfr-bridge-id47,80,TYR,TYR,93,0.55,1,1,0
egfr-bridge-id47,81,TYR,TYR,94,0.41,1,1,1
egfr-bridge-id47,82,GLU,GLN,95,0.52,1,0,0
egfr-bridge-id47,83,LYS,LYS,96,0.65,1,1,0
egfr-bridge-id47,84,ALA,ALA,97,0.5,1,1,0
egfr-bridge-id47,85,ILE,LEU,98,0.6,1,0,0
egfr-bridge-id47,86,GLU,GLU,99,0.93,1,1,0
egfr-bridge-id47,87,LEU,LEU,100,0.83,1,1,0
egfr-bridge-id47,88,ASP,ASP,101,0.8,1,1,0
egfr-bridge-id47,89,PRO,PRO,102,1.01,1,1,0
egfr-bridge-id47,90,ASN,ASN,103,0.88,1,1,0
egfr-bridge-id47,91,ASN,ASN,104,0.95,1,1,0
egfr-bridge-id47,92,TYR,ALA,105,1.37,1,0,1
egfr-bridge-id47,93,VAL,GLU,106,1.19,1,0,1
egfr-bridge-id47,94,ALA,ALA,107,0.52,1,1,0
egfr-bridge-id47,95,TYR,LEU,108,0.35,1,0,0
egfr-bridge-id47,96,PHE,ASN,109,0.32,1,0,1
egfr-bridge-id47,97,ASN,ASN,110,0.39,1,1,1
egfr-bridge-id47,98,LYS,LEU,111,0.42,1,0,0
egfr-bridge-id47,99,GLY,GLY,112,0.3,1,1,0
egfr-bridge-id47,100,LEU,ASN,113,0.33,1,0,1
egfr-bridge-id47,101,VAL,VAL,114,0.42,1,1,0
egfr-bridge-id47,102,TYR,TYR,115,0.52,1,1,0
egfr-bridge-id47,103,GLU,ARG,116,0.64,1,0,1
egfr-bridge-id47,104,LYS,LYS,117,0.64,1,1,1
egfr-bridge-id47,105,LEU,GLN,118,0.71,1,0,0
egfr-bridge-id47,106,LYS,GLY,119,1.34,1,0,0
egfr-bridge-id47,107,LYS,ASP,120,1.23,1,0,0
egfr-bridge-id47,108,TYR,TYR,121,0.96,1,1,0
egfr-bridge-id47,109,GLU,GLN,122,1.01,1,0,0
egfr-bridge-id47,110,GLU,LYS,123,0.85,1,0,0
egfr-bridge-id47,111,ALA,ALA,124,0.57,1,1,0
egfr-bridge-id47,112,ALA,ILE,125,0.69,1,0,0
egfr-bridge-id47,113,GLU,GLU,126,0.76,1,1,0
egfr-bridge-id47,114,GLU,TYR,127,0.53,1,0,0
egfr-bridge-id47,115,PHE,TYR,128,0.26,1,0,0
egfr-bridge-id47,116,LEU,GLN,129,0.55,1,0,0
egfr-bridge-id47,117,LYS,LYS,130,1.02,1,1,0
egfr-bridge-id47,118,ALA,ALA,131,0.96,1,1,0
egfr-bridge-id47,119,ALA,LEU,132,1.48,1,0,0
egfr-bridge-id47,120,GLU,GLU,133,1.8,1,1,0
egfr-bridge-id47,121,ALA,LEU,134,3.26,1,0,0
egfr-bridge-id47,122,ALA,LEU,134,1.67,1,0,0
egfr-bridge-id47,123,GLU,LEU,134,2.52,1,0,0
egfr-bridge-id47,124,LYS,,,4.27,0,0,0
egfr-bridge-id47,125,ARG,,,5.12,0,0,0
egfr-bridge-id47,126,GLY,,,5.18,0,0,0
egfr-bridge-id47,127,ALA,ASP,135,2.82,1,0,0
egfr-bridge-id47,128,PRO,PRO,136,3.62,1,1,0
egfr-bridge-id47,129,LYS,PRO,136,2.4,1,0,1
egfr-bridge-id47,130,TYR,PRO,136,3.95,1,0,1
egfr-bridge-id47,131,ASP,PRO,136,3.48,1,0,1
egfr-bridge-id47,132,VAL,PRO,136,3.27,1,0,0
egfr-bridge-id47,133,GLU,,,5.57,0,0,1
egfr-bridge-id47,134,SER,,,6.93,0,0,1
egfr-bridge-id47,135,LEU,,,4.37,0,0,1
egfr-bridge-id47,136,ARG,,,5.7,0,0,0
egfr-bridge-id47,137,ILE,,,9.0,0,0,1
egfr-bridge-id47,138,MET,,,7.07,0,0,1
egfr-bridge-id47,139,ALA,,,4.69,0,0,0
egfr-bridge-id47,140,LYS,,,7.4,0,0,1
egfr-bridge-id47,141,ASN,,,8.94,0,0,1
egfr-bridge-id47,142,VAL,,,6.45,0,0,0
egfr-bridge-id47,143,LYS,,,6.5,0,0,0
egfr-bridge-id47,144,GLU,,,9.44,0,0,0
egfr-bridge-id47,145,LYS,,,8.27,0,0,1
