#	PROVENANCE for this archive. Every path below is as it appears INSIDE the archive;
#	bytes and md5 are of the file as shipped.
#	⛔ PROVENANCE.tsv itself is not listed: a file cannot carry its own hash.
#	Regenerate with scripts/regen_provenance_20261006.py after ANY edit — a stale manifest
#	asserts hashes that no longer match, which is worse than shipping none.
#archive_path	bytes	md5
.gitignore	629	7143e7865eab08187ef795d5b004765a
README.md	5411	72de2a6e00c07bce0d2c921959dbf1e6
challenges/pH-dependent EGFR binder/BRIDGE_MUTANT_FOLD_RESULT_20261006.md	5527	ff67fa7126358fdf2943ea99fe015c1e
challenges/pH-dependent EGFR binder/DESIGN_CHOICES.md	21537	b9719da98b53e9dd989be9bbf9037508
challenges/pH-dependent EGFR binder/NOVELTY_20261006.md	12799	c9bb0ef32e643483055edaf156f8ca48
challenges/pH-dependent EGFR binder/NOVELTY_CORRECTION_MONOMER_20261006.md	6736	c1c80881567d577466a5be032dfb8c40
challenges/pH-dependent EGFR binder/NOVELTY_MEASURED_20261006.md	8762	0629bff1394f1ffc0c84aa21216438fa
challenges/pH-dependent EGFR binder/README.md	9064	6982c22a4489fba6df52e65ac46ba37f
challenges/pH-dependent EGFR binder/REPEAT_SCRAMBLING_LITERATURE_20261006.md	10007	a234d4c7613c905cbfd6dd4ddc4f6684
challenges/pH-dependent EGFR binder/SEQUENCE_NOVELTY_SWISSPROT_20261006.md	36449	4d30ca892c0399c63949288a560df842
challenges/pH-dependent EGFR binder/SEQUENCE_SET_CORRECTION_20261006.md	6243	6c1d9a18c10d036c56b78b38ee20d963
challenges/pH-dependent EGFR binder/SUBMITTED_SEQUENCES.md	7715	cd24e85b652427adcc93b069ee179ff2
challenges/pH-dependent EGFR binder/accidental_ctpr_homology.txt	7416	a53fa8a1aab628296a60e68cca68f50e
challenges/pH-dependent EGFR binder/data/bridge_vs_ctpr_20261006/01_all_bridges_vs_7obi.png	482907	993d38f3fea2d157c63e3b043ef12150
challenges/pH-dependent EGFR binder/data/bridge_vs_ctpr_20261006/02_bridge_id1104_identity.png	380629	6f1d1554f7119bb71e34e4c3d785e574
challenges/pH-dependent EGFR binder/data/bridge_vs_ctpr_20261006/02_bridge_id47_identity.png	328054	6f06f43c8441869f8bd9fb30ca3b4df2
challenges/pH-dependent EGFR binder/data/bridge_vs_ctpr_20261006/02_bridge_id85_identity.png	344764	56a802b71a1b3849b0134afa8c45afdf
challenges/pH-dependent EGFR binder/data/bridge_vs_ctpr_20261006/03_id85_with_EGFR.png	439680	e8ab68ba4f479fc606b005ddb3936b3d
challenges/pH-dependent EGFR binder/data/bridge_vs_ctpr_20261006/bridge_mutants_20261006.csv	1412	c3669ed2d6eba05e98a18a34731f5838
challenges/pH-dependent EGFR binder/data/bridge_vs_ctpr_20261006/bridges_vs_7obi_20261006.pse	5816670	63a335a5c67f6138df4e315979346d7a
challenges/pH-dependent EGFR binder/data/bridge_vs_ctpr_20261006/mutable_sites_20261006.csv	18881	4d013c10eafcdc02d617fbf99c34c2eb
challenges/pH-dependent EGFR binder/data/bridge_vs_ctpr_20261006/per_residue_identity_vs_7obi.csv	18954	d128ea829b982966e2cb08d8d8bd8fcf
challenges/pH-dependent EGFR binder/data/novelty_20261006/VERDICT_SUBMITTED12_CORRECTION_20261006.md	2154	0bf976127a03c43e930d6516a88676d8
challenges/pH-dependent EGFR binder/data/novelty_20261006/foldseek_hits_candidates4.tsv	379393	81b5477dfdc31bfa310d27cd5e80aef6
challenges/pH-dependent EGFR binder/data/novelty_20261006/foldseek_hits_submitted12.tsv	542732	ea7c4aa7d012673230fb3b7832dc4e66
challenges/pH-dependent EGFR binder/data/novelty_20261006/mmseqs_pdbseqres_hits_20261006.tsv	1205903	7b701296ea1f5347ff2ba1e3c4a2b463
challenges/pH-dependent EGFR binder/data/novelty_20261006/mmseqs_swissprot_hits_20261006.tsv	1993477	c25d2d1c59cca33fc46489583cf59387
challenges/pH-dependent EGFR binder/data/novelty_20261006/novelty_seq_crosscheck_20261006.csv	3739	32f5aa07d174fd3d0bcca793a8f424f7
challenges/pH-dependent EGFR binder/data/novelty_20261006/novelty_seq_phmmer_identity_20261006.csv	10784	d521b18d021beaec8d500e7acbac4cd7
challenges/pH-dependent EGFR binder/data/novelty_20261006/novelty_seq_query_20261006.fasta.txt	2324	952309eec0f258696e8fee94f8f28900
challenges/pH-dependent EGFR binder/data/novelty_20261006/novelty_seq_summary_20261006.csv	17514	17d4c5ebddfc77b0989215753886b742
challenges/pH-dependent EGFR binder/data/novelty_20261006/novelty_seq_top5_20261006.tsv	17814	3965e5b42a5e45e1e213e16c5d73bddc
challenges/pH-dependent EGFR binder/data/novelty_20261006/phmmer_pdbseqres_domtbl_E10_20261006.txt	5204582	091a7a1061a1cdd3ce7b505f79950b89
challenges/pH-dependent EGFR binder/data/novelty_20261006/phmmer_swissprot_domtbl_E10_20261006.txt	3878240	506140752cb3b75cf5e1103e27fb56ab
challenges/pH-dependent EGFR binder/data/novelty_20261006/verdict_candidates4.json	1490	34d369a7d0674cb3f32a3bd22b9c2b6c
challenges/pH-dependent EGFR binder/data/novelty_20261006/verdict_submitted12.json	4596	86addff84519effa7f1d3ccc8460e899
challenges/pH-dependent EGFR binder/data/siteA_monomer_20261006/cand-siteA-id2.yaml	156	f8b4beda301862a21fc5330ca3d794bf
challenges/pH-dependent EGFR binder/data/siteA_monomer_20261006/cand-siteA-id73.yaml	161	2e2974a97ff72deba8fd36d07d8ea7f8
challenges/pH-dependent EGFR binder/data/siteA_monomer_20261006/egfr-siteA-id2015.yaml	156	e3db20f597aa9baf54af20e5aa3e2559
challenges/pH-dependent EGFR binder/data/siteA_monomer_20261006/egfr-siteA-id2046.yaml	156	6febe999ae3551e44a1189fc10ebf27f
challenges/pH-dependent EGFR binder/data/siteA_monomer_20261006/egfr-siteA-id2048.yaml	156	9f09c43e4b0944746890e5e41f656efa
challenges/pH-dependent EGFR binder/data/siteA_monomer_20261006/egfr-siteA-id3017.yaml	156	ea845f5c355796e10ab38ab67b11553a
challenges/pH-dependent EGFR binder/data/siteA_monomer_20261006/egfr-siteA-id3020.yaml	156	ee1f2a1532c3ac81ed29fe5472d4634e
challenges/pH-dependent EGFR binder/data/siteA_monomer_20261006/egfr-siteA-id3035.yaml	156	9824851089b87fe2d875b5a178ea723a
challenges/pH-dependent EGFR binder/data/siteA_monomer_20261006/egfr-siteA-id3036.yaml	156	e426627bb252744fdf0f0953fd0dada2
challenges/pH-dependent EGFR binder/data/siteA_monomer_20261006/egfr-siteA-id86.yaml	161	352249737ff40337e97929e8277add3d
challenges/pH-dependent EGFR binder/data/siteA_monomer_20261006/egfr-siteA-id89.yaml	156	2dabf68b9bc79899e9ea03965c8eea02
challenges/pH-dependent EGFR binder/data/siteA_monomer_20261006/monomer_foldseek_TM_20261006.csv	893	5a3f1550774b8ee6a6aab73a6230d339
challenges/pH-dependent EGFR binder/data/siteA_monomer_20261006/monomer_plddt_20261006.csv	679	35536ed0eaa63e1e1db95bca25e99208
challenges/pH-dependent EGFR binder/design_guidelines.txt	51045	b5f9c1e59d964963f8d55ee583b58dd2
challenges/pH-dependent EGFR binder/ideas_that_didnt_work.txt	51926	dc246fd2448c3c2379a36648238740ec
challenges/pH-dependent EGFR binder/methods/INPUTS.md	10137	fdb05b5d7476727c5aeff405fcb3df65
challenges/pH-dependent EGFR binder/methods/OBJECTIVES.md	19403	7988163c9fe256aa34ccec7a41170415
challenges/pH-dependent EGFR binder/methods/README.md	25180	64ce97299f5c3077d77de74933bc32c9
challenges/pH-dependent EGFR binder/methods/SCRIPTS.md	33793	ccc63fabe5147bd80ad2c9afe37cfe1f
challenges/pH-dependent EGFR binder/methods/THRESHOLDS.md	22674	20cad0289c64d55648221d7cfd82cfc5
challenges/pH-dependent EGFR binder/scripts/analyze_stacking_egfrA1.py	10586	624aa38dc434e5f60e6df4da33f8283e
challenges/pH-dependent EGFR binder/scripts/backbone_passrate.py	4899	f1a4e1b0da95aefc53e6ad20082cec72
challenges/pH-dependent EGFR binder/scripts/backbone_passrate_bridge.py	10988	3c976e7edec0b548a2d88baf7e7cdf09
challenges/pH-dependent EGFR binder/scripts/bridge_depth2_analyze.py	13617	dcbeacbf60d758dc0d2bbf8b8b1e889e
challenges/pH-dependent EGFR binder/scripts/build_bridge_depth_round_d2.py	7500	907f31510998648d7d194828d857d972
challenges/pH-dependent EGFR binder/scripts/build_burnin_egfrA1.py	3613	4d5fb3bd7c9db7eaecfc9cc4d089d354
challenges/pH-dependent EGFR binder/scripts/build_combo_cycle_egfrA1.py	5281	95edc7c9e6bf310efdb2a1d9d37c0b65
challenges/pH-dependent EGFR binder/scripts/build_ecto621_bundle.py	5461	f9faca2174bee25b6487c9f159405e15
challenges/pH-dependent EGFR binder/scripts/build_ecto621_yamls.py	13204	e09b71bd79cc29ac71670767741cf18a
challenges/pH-dependent EGFR binder/scripts/build_sitescan_cycle_egfrA1.py	10926	b3cbcaabe586a1f001e7cc1e4784cf0d
challenges/pH-dependent EGFR binder/scripts/build_submission_fasta.py	6222	dc926642149261806f3d0242a1126418
challenges/pH-dependent EGFR binder/scripts/build_yamls_from_skeleton.py	4123	0c97c9363ae7b3714477dfb640f8678c
challenges/pH-dependent EGFR binder/scripts/contacts_a21.py	4500	561a4c8de53867deaa1bdd812dc39fb9
challenges/pH-dependent EGFR binder/scripts/contacts_bridge.py	7378	ba6a49ea93631aeb7776d74bea123133
challenges/pH-dependent EGFR binder/scripts/epitope_perresidue_egfrA1.py	5570	63d3b83603f1a727832906395944c32b
challenges/pH-dependent EGFR binder/scripts/full_receptor_gate.py	13107	6b130b17507adf58195d2d4c732cf4d6
challenges/pH-dependent EGFR binder/scripts/make_br50_tsv.py	6853	1b7bb8ae7106de48af1d0b1e8f37cb5b
challenges/pH-dependent EGFR binder/scripts/make_deposit_fasta.py	3475	56508f89d1dec3fb892af8278a21b5ae
challenges/pH-dependent EGFR binder/scripts/make_rfd3_shards.py	6014	bef6a19c4389a631a91b83a45eeca38a
challenges/pH-dependent EGFR binder/scripts/make_w10_tsv.py	3723	ad43f1a01a2771d125967c117563fe86
challenges/pH-dependent EGFR binder/scripts/make_wt2out_map.py	4369	5c2b33308a869c0103da07e7c0e89127
challenges/pH-dependent EGFR binder/scripts/mpnn_egfr.py	18402	ce7eb798eb5f4f39c708b0efaea57464
challenges/pH-dependent EGFR binder/scripts/novelty_chainA_foldseek.py	4135	5afb399777a34edceb919b03c4f9a887
challenges/pH-dependent EGFR binder/scripts/novelty_seq_analyze_20261006.py	10596	6a6de6622028054f852e7e9cf05128ef
challenges/pH-dependent EGFR binder/scripts/novelty_seq_crosscheck_20261006.py	9178	2af69ba493140fa9526bdc54d088c5d5
challenges/pH-dependent EGFR binder/scripts/novelty_seq_phmmer_20261006.sh	2124	1dde597f515b2986f6b640e7ebe8c0fb
challenges/pH-dependent EGFR binder/scripts/novelty_seq_phmmer_identity_20261006.py	6292	25efbf68a8b126a97025f5a9eb940b8e
challenges/pH-dependent EGFR binder/scripts/novelty_seq_report_20261006.py	6894	4ef482ffa7bb8cb595419d1b952d4742
challenges/pH-dependent EGFR binder/scripts/novelty_seq_search_20261006.sh	3038	6213cf5ad728b0d00d9d202ca016957e
challenges/pH-dependent EGFR binder/scripts/post_fold_qc.py	13166	77dd6320ccb11b1ad135bf47033fd77e
challenges/pH-dependent EGFR binder/scripts/propose_cycle_egfrA1.py	24088	de64ab2630ac0bae55dab88e5d85b674
challenges/pH-dependent EGFR binder/scripts/score_0047.py	13497	d9e41c334b000c9ec16ae305ae13b865
challenges/pH-dependent EGFR binder/scripts/score_br50.py	10029	7fe267b9aaf7d053510b8fc268dfe533
challenges/pH-dependent EGFR binder/scripts/score_cycle_egfrA1.py	16931	55a3c4e5e820e8eb207a940db2155976
challenges/pH-dependent EGFR binder/scripts/select_all31.py	10454	f77a76c65240dc5f7ac0c4d7de616a5e
challenges/pH-dependent EGFR binder/scripts/select_bridge.py	8937	581e0d62d4ed7d607d6c707ad32bd39b
challenges/pH-dependent EGFR binder/scripts/selfconsistency_ecto621.py	10486	9612a3adef65e80609d8ab6d26769722
challenges/pH-dependent EGFR binder/scripts/seq_qc_egfr.py	7237	f453946c3ef820a34eaee404462ec035
challenges/pH-dependent EGFR binder/scripts/setup_rfd3_sphere_campaign.py	15494	d26909e0653f6825a340c2baec1a36e2
challenges/pH-dependent EGFR binder/scripts/stage_egfrA1_cycle0.py	2762	1f91c2cd6a68192ff481d7207c0016e6
challenges/pH-dependent EGFR binder/scripts/wt2out.py	4699	1a2525dba11ebd8e78b319c806b7bebc
challenges/pH-dependent EGFR binder/structures/CCNY_challenge1_11designs_20261007.pdb	933049	d88cc01000a7bcef07dbb662923f52f7
challenges/pH-dependent EGFR binder/structures/CCNY_challenge1_11designs_20261007.pse	3281012	94af5fcc2c15e906954589351ecfce8e
challenges/pH-dependent EGFR binder/structures/CCNY_challenge1_grid_20261007.png	992196	21c206d0ae920337ee264d0eb37c590f
challenges/pH-dependent EGFR binder/structures/CCNY_challenge1_overview_20261007.png	623794	9dd8e7388cfaa6dc226c390bb588d992
challenges/pH-dependent EGFR binder/structures/EGFR_receptor_WTnumbering_tethered.pdb	307635	ba9d8669e48deb5b9d61a1ace89e25b0
challenges/pH-dependent EGFR binder/structures/STRUCTURES.md	9624	873544d1b5237705a8a7336170c7e974
challenges/pH-dependent EGFR binder/structures/id2015_siteA_complex.pdb	461861	5ae475747facabde43c358e37bf67e7e
challenges/pH-dependent EGFR binder/structures/id89_siteA_complex.pdb	461213	b80926b9bbb5fb0e36c9029cf3879aa7
challenges/pH-dependent EGFR binder/structures/per_molecule/EGFR_receptor.pdb	387638	b19090d526f5ce90ddaad3efb4c413e4
challenges/pH-dependent EGFR binder/structures/per_molecule/d01_id2015.pdb	50233	0f7f29472a00415035caa97851a36cd6
challenges/pH-dependent EGFR binder/structures/per_molecule/d02_id86.pdb	53876	a6b549ce16aab68913c8ab7423d56e00
challenges/pH-dependent EGFR binder/structures/per_molecule/d03_id3035.pdb	50152	da20f0df0df524a926244338037a1e76
challenges/pH-dependent EGFR binder/structures/per_molecule/d04_id3036.pdb	49990	35dddab1b494fa08a5ee46f3b211ccb1
challenges/pH-dependent EGFR binder/structures/per_molecule/d05_id2046.pdb	50152	fc321c24857adb218305d6fc5efb1a1c
challenges/pH-dependent EGFR binder/structures/per_molecule/d06_id3020.pdb	50395	72bd1b6ea7a8658ca294c616dc0ba402
challenges/pH-dependent EGFR binder/structures/per_molecule/d07_id2048.pdb	49828	9166b89075642c4681c2f00980e24bf2
challenges/pH-dependent EGFR binder/structures/per_molecule/d08_id3017.pdb	50233	6179b90547469bc8a4b299f28bbdc015
challenges/pH-dependent EGFR binder/structures/per_molecule/d09_id89.pdb	49583	af4b8245b50e3540f829e7d7f5347d7e
challenges/pH-dependent EGFR binder/structures/per_molecule/d10_id2.pdb	47800	7b63b624830f9abe44db50a08781e340
challenges/pH-dependent EGFR binder/structures/per_molecule/d11_id73.pdb	53633	5a461090a0a0c6ad02f4080ed69b1a13
challenges/pH-dependent EGFR binder/submission_challenge1_20261006.csv	1180	c3a1dc4fe0e41a6f5b6cbaa23660510e
challenges/pH-dependent EGFR binder/submission_challenge1_NOVELTY_PASSED_20261007.csv	1219	f1cea3a0eafccdf8afb9a77d4ab389da
challenges/pH-dependent EGFR binder/submission_challenge1_SUBMITTED_20261007.csv	2044	a2bd128ab18dc69a80495a997470657a
challenges/pH-dependent EGFR binder/submitted_sequences.fasta	1795	a12058c3951a9046b77091aa491ad987
