design,n_draws,plddt_median,plddt_min,plddt_max,plddt_sd,ptm_median
cand-siteA-id2,63,0.9457,0.9352,0.95,0.0029,0.9262
cand-siteA-id73,63,0.8428,0.8088,0.8685,0.0158,0.8042
egfr-siteA-id2015,63,0.9227,0.8948,0.9249,0.0044,0.8681
egfr-siteA-id2046,63,0.9176,0.9136,0.9197,0.0012,0.8697
egfr-siteA-id2048,63,0.9081,0.8534,0.9106,0.009,0.8499
egfr-siteA-id3017,63,0.8785,0.8025,0.8817,0.014,0.824
egfr-siteA-id3020,63,0.9101,0.8434,0.9134,0.0086,0.8525
egfr-siteA-id3035,63,0.9033,0.8772,0.9065,0.005,0.835
egfr-siteA-id3036,63,0.9057,0.8288,0.9077,0.0117,0.8444
egfr-siteA-id86,63,0.9174,0.9057,0.9219,0.0037,0.9046
egfr-siteA-id89,63,0.913,0.9074,0.9172,0.0024,0.8694
