db,query,qlen,struct_tier,n_hits,bestE_target,bestE_name,bestE_local,bestE_global,bestE_alnlen,bestE_qcov,bestE_evalue,bestE_bits,sig_maxglobal_target,sig_maxglobal_name,sig_maxglobal_local,sig_maxglobal_global,sig_maxglobal_alnlen,sig_maxglobal_qcov,sig_maxglobal_evalue,sig_maxglobal_bits,sig_maxlocal_cov_target,sig_maxlocal_cov_name,sig_maxlocal_cov_local,sig_maxlocal_cov_global,sig_maxlocal_cov_alnlen,sig_maxlocal_cov_qcov,sig_maxlocal_cov_evalue,sig_maxlocal_cov_bits,sig_maxlocal_raw_target,sig_maxlocal_raw_name,sig_maxlocal_raw_local,sig_maxlocal_raw_global,sig_maxlocal_raw_alnlen,sig_maxlocal_raw_qcov,sig_maxlocal_raw_evalue,sig_maxlocal_raw_bits,marg_maxglobal_target,marg_maxglobal_name,marg_maxglobal_local,marg_maxglobal_global,marg_maxglobal_alnlen,marg_maxglobal_qcov,marg_maxglobal_evalue,marg_maxglobal_bits,marg_maxlocal_cov_target,marg_maxlocal_cov_name,marg_maxlocal_cov_local,marg_maxlocal_cov_global,marg_maxlocal_cov_alnlen,marg_maxlocal_cov_qcov,marg_maxlocal_cov_evalue,marg_maxlocal_cov_bits,ctl_maxglobal_target,ctl_maxglobal_name,ctl_maxglobal_local,ctl_maxglobal_global,ctl_maxglobal_alnlen,ctl_maxglobal_qcov,ctl_maxglobal_evalue,ctl_maxglobal_bits,ctl_maxlocal_cov_target,ctl_maxlocal_cov_name,ctl_maxlocal_cov_local,ctl_maxlocal_cov_global,ctl_maxlocal_cov_alnlen,ctl_maxlocal_cov_qcov,ctl_maxlocal_cov_evalue,ctl_maxlocal_cov_bits,ctl_maxlocal_raw_target,ctl_maxlocal_raw_name,ctl_maxlocal_raw_local,ctl_maxlocal_raw_global,ctl_maxlocal_raw_alnlen,ctl_maxlocal_raw_qcov,ctl_maxlocal_raw_evalue,ctl_maxlocal_raw_bits
swissprot,cand-siteA-id19-sh09,75,FAIL_L2_both,49,Q58743,Uncharacterized protein MJ1348,50.0,18.7,28,37.3,2.61,30.0,,,,,,,,,,,,,,,,,,,,,,,,,Q58743,Uncharacterized protein MJ1348,50.0,18.7,28,37.3,2.61,30.0,,,,,,,,,Q1E1H4,Stress response protein NST1,38.4,37.3,73,97.3,9.99e+03,19.0,Q1E1H4,Stress response protein NST1,38.4,37.3,73,97.3,9.99e+03,19.0,Q0WLC6,"Pentatricopeptide repeat-containing protein MRL1, chloroplastic",76.9,13.3,13,17.3,1.51e+03,22.0
swissprot,cand-bridge-id76,145,FAIL_L2_bridge,1011,P56558,UDP-N-acetylglucosamine--peptide N-acetylglucosaminyltransferase 110 kDa subunit,42.2,24.1,83,57.2,7.9e-12,66.0,P33746,Sol locus transcriptional repressor,36.6,28.3,112,77.2,2.17e-09,59.0,Q9ZMJ9,Putative beta-lactamase HcpE,43.4,22.8,76,52.4,2.36e-05,47.0,Q9ZMJ9,Putative beta-lactamase HcpE,43.4,22.8,76,52.4,2.36e-05,47.0,Q02790,Peptidyl-prolyl cis-trans isomerase FKBP4,31.1,29.0,135,93.1,0.00432,40.0,Q9ZMJ9,Putative beta-lactamase HcpE,43.4,22.8,76,52.4,2.36e-05,47.0,Q02790,Peptidyl-prolyl cis-trans isomerase FKBP4,31.1,29.0,135,93.1,0.00432,40.0,Q9ZMJ9,Putative beta-lactamase HcpE,43.4,22.8,76,52.4,2.36e-05,47.0,Q7RAV5,Calcium-dependent protein kinase 3,90.0,6.2,10,6.9,508,25.0
swissprot,egfr-bridge-id1104,145,FAIL_L2_bridge,1310,P56558,UDP-N-acetylglucosamine--peptide N-acetylglucosaminyltransferase 110 kDa subunit,43.4,31.7,106,73.1,5.34e-17,81.0,P56558,UDP-N-acetylglucosamine--peptide N-acetylglucosaminyltransferase 110 kDa subunit,43.4,31.7,106,73.1,5.34e-17,81.0,P56558,UDP-N-acetylglucosamine--peptide N-acetylglucosaminyltransferase 110 kDa subunit,43.4,31.7,106,73.1,5.34e-17,81.0,Q96EQ0,Small glutamine-rich tetratricopeptide repeat-containing protein beta,45.7,22.1,70,48.3,2.02e-11,65.0,P56558,UDP-N-acetylglucosamine--peptide N-acetylglucosaminyltransferase 110 kDa subunit,43.4,31.7,106,73.1,5.34e-17,81.0,P56558,UDP-N-acetylglucosamine--peptide N-acetylglucosaminyltransferase 110 kDa subunit,43.4,31.7,106,73.1,5.34e-17,81.0,P56558,UDP-N-acetylglucosamine--peptide N-acetylglucosaminyltransferase 110 kDa subunit,43.4,31.7,106,73.1,5.34e-17,81.0,P56558,UDP-N-acetylglucosamine--peptide N-acetylglucosaminyltransferase 110 kDa subunit,43.4,31.7,106,73.1,5.34e-17,81.0,Q573C5,Uncharacterized protein ORF254,80.0,5.5,10,6.9,5.23e+03,22.0
swissprot,egfr-bridge-id47,145,FAIL_L2_bridge,769,Q58208,TPR repeat-containing protein MJ0798,39.0,28.3,105,72.4,1.48e-11,65.0,Q9CSP9,Tetratricopeptide repeat protein 14,31.7,30.3,139,95.9,0.000509,43.0,P33746,Sol locus transcriptional repressor,42.2,26.2,90,62.1,7.52e-09,57.0,Q57711,TPR repeat-containing protein MJ0941,45.6,17.9,57,39.3,1.08e-06,51.0,Q9CSP9,Tetratricopeptide repeat protein 14,31.7,30.3,139,95.9,0.000509,43.0,P33746,Sol locus transcriptional repressor,42.2,26.2,90,62.1,7.52e-09,57.0,Q9CSP9,Tetratricopeptide repeat protein 14,31.7,30.3,139,95.9,0.000509,43.0,P33746,Sol locus transcriptional repressor,42.2,26.2,90,62.1,7.52e-09,57.0,Q63862,Myosin-11 (Fragments),80.0,5.5,10,6.9,6.99e+03,21.0
swissprot,egfr-bridge-id85,145,FAIL_L2_bridge,1178,P56558,UDP-N-acetylglucosamine--peptide N-acetylglucosaminyltransferase 110 kDa subunit,41.5,30.3,106,73.1,3.87e-14,73.0,Q3M690,Photosystem I assembly protein Ycf3,39.0,33.1,123,84.8,8.51e-10,60.0,Q96301,Probable UDP-N-acetylglucosamine--peptide N-acetylglucosaminyltransferase SPINDLY,45.3,29.7,95,65.5,4.73e-13,70.0,Q96301,Probable UDP-N-acetylglucosamine--peptide N-acetylglucosaminyltransferase SPINDLY,45.3,29.7,95,65.5,4.73e-13,70.0,Q892X3,Bifunctional purine biosynthesis protein PurH,30.6,33.8,160,110.3,0.301,35.0,Q96301,Probable UDP-N-acetylglucosamine--peptide N-acetylglucosaminyltransferase SPINDLY,45.3,29.7,95,65.5,4.73e-13,70.0,Q892X3,Bifunctional purine biosynthesis protein PurH,30.6,33.8,160,110.3,0.301,35.0,Q96301,Probable UDP-N-acetylglucosamine--peptide N-acetylglucosaminyltransferase SPINDLY,45.3,29.7,95,65.5,4.73e-13,70.0,Q5F226,Protocadherin Fat 2,88.9,5.5,9,6.2,9.34e+03,21.0
swissprot,cand-siteA-id73,80,FAIL_L2_seq,225,O32156,Uncharacterized ABC transporter extracellular-binding protein YurO,43.2,20.0,37,46.2,0.339,33.0,,,,,,,,,,,,,,,,,,,,,,,,,O32156,Uncharacterized ABC transporter extracellular-binding protein YurO,43.2,20.0,37,46.2,0.339,33.0,,,,,,,,,A5HYY0,ATP-dependent helicase/nuclease subunit A,31.5,35.0,89,111.2,6.09e+03,20.0,B1YAJ4,Glutamyl-tRNA(Gln) amidotransferase subunit E,38.6,21.2,44,55.0,1.74e+03,22.0,A1DGZ7,ATP-dependent RNA helicase dbp2,80.0,10.0,10,12.5,6.09e+03,20.0
swissprot,egfr-siteA-id2048,75,FAIL_L2_struct_coinflip,586,Q4QLP6,Magnesium transport protein CorA,37.3,25.3,51,68.0,6.8,29.0,,,,,,,,,,,,,,,,,,,,,,,,,Q4QLP6,Magnesium transport protein CorA,37.3,25.3,51,68.0,6.8,29.0,Q4QLP6,Magnesium transport protein CorA,37.3,25.3,51,68.0,6.8,29.0,A8MQT2,Golgin subfamily A member 8B,31.4,36.0,86,114.7,2.07e+03,21.0,Q5JYT7,Uncharacterized protein KIAA1755,42.0,28.0,50,66.7,1.1e+03,22.0,B9L505,tRNA dimethylallyltransferase,90.0,12.0,10,13.3,7.3e+03,20.0
swissprot,egfr-siteA-id2015,75,PASS_L3,360,Q15NL2,Carboxy-S-adenosyl-L-methionine synthase,43.2,25.3,44,58.7,6.8,29.0,,,,,,,,,,,,,,,,,,,,,,,,,Q15NL2,Carboxy-S-adenosyl-L-methionine synthase,43.2,25.3,44,58.7,6.8,29.0,Q15NL2,Carboxy-S-adenosyl-L-methionine synthase,43.2,25.3,44,58.7,6.8,29.0,A8MQT2,Golgin subfamily A member 8B,31.4,36.0,86,114.7,3.89e+03,21.0,Q5JYT7,Uncharacterized protein KIAA1755,44.0,29.3,50,66.7,426,23.0,B9L505,tRNA dimethylallyltransferase,90.0,12.0,10,13.3,9.99e+03,19.0
swissprot,egfr-siteA-id3017,75,PASS_L3,523,Q4QLP6,Magnesium transport protein CorA,37.3,25.3,51,68.0,1.9,30.0,,,,,,,,,,,,,,,,,,,,,,,,,Q4QLP6,Magnesium transport protein CorA,37.3,25.3,51,68.0,1.9,30.0,Q4QLP6,Magnesium transport protein CorA,37.3,25.3,51,68.0,1.9,30.0,A8MQT2,Golgin subfamily A member 8B,30.2,34.7,86,114.7,2.84e+03,21.0,Q24UT2,Alanine--tRNA ligase,41.7,26.7,48,64.0,7.3e+03,20.0,B9L505,tRNA dimethylallyltransferase,90.0,12.0,10,13.3,7.3e+03,20.0
swissprot,egfr-siteA-id3020,75,PASS_L3,409,Q4QLP6,Magnesium transport protein CorA,38.0,25.3,50,66.7,4.95,29.0,,,,,,,,,,,,,,,,,,,,,,,,,Q4QLP6,Magnesium transport protein CorA,38.0,25.3,50,66.7,4.95,29.0,Q4QLP6,Magnesium transport protein CorA,38.0,25.3,50,66.7,4.95,29.0,A8MQT2,Golgin subfamily A member 8B,31.4,36.0,86,114.7,3.89e+03,21.0,Q5JYT7,Uncharacterized protein KIAA1755,42.0,28.0,50,66.7,1.1e+03,22.0,B1HUJ1,5'-methylthioadenosine/S-adenosylhomocysteine nucleosidase,90.0,12.0,10,13.3,2.07e+03,21.0
swissprot,egfr-siteA-id3035,75,PASS_L3,533,Q4QLP6,Magnesium transport protein CorA,37.3,25.3,51,68.0,1.9,30.0,,,,,,,,,,,,,,,,,,,,,,,,,Q4QLP6,Magnesium transport protein CorA,37.3,25.3,51,68.0,1.9,30.0,Q4QLP6,Magnesium transport protein CorA,37.3,25.3,51,68.0,1.9,30.0,A8MQT2,Golgin subfamily A member 8B,31.4,36.0,86,114.7,1.1e+03,22.0,Q24UT2,Alanine--tRNA ligase,41.7,26.7,48,64.0,7.3e+03,20.0,B9L505,tRNA dimethylallyltransferase,90.0,12.0,10,13.3,7.3e+03,20.0
swissprot,egfr-siteA-id3036,75,PASS_L3,643,Q4QLP6,Magnesium transport protein CorA,37.3,25.3,51,68.0,2.61,30.0,,,,,,,,,,,,,,,,,,,,,,,,,Q4QLP6,Magnesium transport protein CorA,37.3,25.3,51,68.0,2.61,30.0,Q4QLP6,Magnesium transport protein CorA,37.3,25.3,51,68.0,2.61,30.0,A8MQT2,Golgin subfamily A member 8B,31.4,36.0,86,114.7,2.84e+03,21.0,Q8EEE7,Carboxy-S-adenosyl-L-methionine synthase,43.2,25.3,44,58.7,310,24.0,B9L505,tRNA dimethylallyltransferase,90.0,12.0,10,13.3,7.3e+03,20.0
swissprot,egfr-siteA-id89,75,PASS_L3,570,Q31JJ7,Carboxy-S-adenosyl-L-methionine synthase,51.4,25.3,37,49.3,2.61,30.0,,,,,,,,,,,,,,,,,,,,,,,,,Q31JJ7,Carboxy-S-adenosyl-L-methionine synthase,51.4,25.3,37,49.3,2.61,30.0,A0KIF6,Carboxy-S-adenosyl-L-methionine synthase,43.2,25.3,44,58.7,3.6,29.0,Q5R0Q6,Carboxy-S-adenosyl-L-methionine synthase,42.3,29.3,52,69.3,17.7,27.0,A3QGU5,Translation initiation factor IF-2,47.4,24.0,38,50.7,9.99e+03,19.0,Q9VKH0,Conserved oligomeric Golgi complex subunit 8,90.0,12.0,10,13.3,1.51e+03,22.0
swissprot,egfr-siteA-id2046,75,PASS_L3_borderline,382,Q4QLP6,Magnesium transport protein CorA,38.0,25.3,50,66.7,9.36,28.0,,,,,,,,,,,,,,,,,,,,,,,,,Q4QLP6,Magnesium transport protein CorA,38.0,25.3,50,66.7,9.36,28.0,Q4QLP6,Magnesium transport protein CorA,38.0,25.3,50,66.7,9.36,28.0,A8MQT2,Golgin subfamily A member 8B,31.4,36.0,86,114.7,3.89e+03,21.0,Q5JYT7,Uncharacterized protein KIAA1755,42.0,28.0,50,66.7,1.1e+03,22.0,B1HUJ1,5'-methylthioadenosine/S-adenosylhomocysteine nucleosidase,90.0,12.0,10,13.3,2.07e+03,21.0
swissprot,cand-siteA-id2,75,PASS_L3_candidate,814,P13445,RNA polymerase sigma factor RpoS,41.9,17.3,31,41.3,24.3,27.0,,,,,,,,,,,,,,,,,,,,,,,,,,,,,,,,,,,,,,,,,Q7Y5N4,Peptidoglycan hydrolase gp36,37.1,30.7,62,82.7,426,23.0,O51804,RNA polymerase sigma factor RpoS,39.5,20.0,38,50.7,7.3e+03,20.0,B4S1W8,Glycerol-3-phosphate acyltransferase,81.8,12.0,11,14.7,9.99e+03,19.0
swissprot,egfr-siteA-id86,80,PASS_L3_seq_at_risk,112,O67118,Chaperone protein DnaK,35.7,25.0,56,70.0,28.9,27.0,,,,,,,,,,,,,,,,,,,,,,,,,,,,,,,,,,,,,,,,,O67118,Chaperone protein DnaK,35.7,25.0,56,70.0,28.9,27.0,Q8A9W1,Formate-dependent phosphoribosylglycinamide formyltransferase,39.5,21.2,43,53.8,8.31e+03,20.0,C5FYX2,Vacuolar protein sorting/targeting protein 10,90.0,11.2,10,12.5,931,23.0
pdbseqres,cand-siteA-id19-sh09,75,FAIL_L2_both,19,7obi_A,CTPR-rv4,34.9,38.7,83,110.7,10.5,29.0,,,,,,,,,,,,,,,,,,,,,,,,,,,,,,,,,,,,,,,,,7obi_A,CTPR-rv4,34.9,38.7,83,110.7,10.5,29.0,6mfv_A,tetratricopeptide repeat sensor PH0952,42.3,29.3,52,69.3,901,23.0,6deh_A,"TPR repeat protein, protein-protein interaction",84.6,14.7,13,17.3,134,25.0
pdbseqres,cand-bridge-id76,145,FAIL_L2_bridge,1131,8chy_A,Crystal structure of an 8-repeat consensus TPR superhelix with Zinc.,46.9,41.4,128,88.3,3.64e-31,123.0,7obi_A,CTPR-rv4,51.9,46.2,129,89.0,3.3e-30,120.0,1na3_A,designed protein CTPR2,61.3,31.7,75,51.7,7.31e-22,96.0,2avp_A,synthetic consensus TPR protein,61.5,27.6,65,44.8,2.88e-19,88.0,7obi_A,CTPR-rv4,51.9,46.2,129,89.0,3.3e-30,120.0,1na3_A,designed protein CTPR2,61.3,31.7,75,51.7,7.31e-22,96.0,7obi_A,CTPR-rv4,51.9,46.2,129,89.0,3.3e-30,120.0,1na3_A,designed protein CTPR2,61.3,31.7,75,51.7,7.31e-22,96.0,2v6y_A,"AAA FAMILY ATPASE, P60 KATANIN",68.8,7.6,16,11.0,1.88e+03,24.0
pdbseqres,egfr-bridge-id1104,145,FAIL_L2_bridge,1452,2fo7_A,SYNTHETIC CONSENSUS TPR PROTEIN,55.8,43.4,113,77.9,1.71e-33,129.0,1na0_A,designed protein CTPR3,57.7,44.1,111,76.6,3.21e-33,128.0,8ur5_A,"Trimer head HA,Hemagglutinin HA1 chain",64.6,36.6,82,56.6,1.32e-27,112.0,8ur5_A,"Trimer head HA,Hemagglutinin HA1 chain",64.6,36.6,82,56.6,1.32e-27,112.0,1na0_A,designed protein CTPR3,57.7,44.1,111,76.6,3.21e-33,128.0,8ur5_A,"Trimer head HA,Hemagglutinin HA1 chain",64.6,36.6,82,56.6,1.32e-27,112.0,1na0_A,designed protein CTPR3,57.7,44.1,111,76.6,3.21e-33,128.0,8ur5_A,"Trimer head HA,Hemagglutinin HA1 chain",64.6,36.6,82,56.6,1.32e-27,112.0,4ndz_A,"Maltose-binding periplasmic protein, Heparan sulfate 2-O-sulfotransferase 1 fusion",69.2,6.2,13,9.0,8.06e+03,22.0
pdbseqres,egfr-bridge-id47,145,FAIL_L2_bridge,1028,1na0_A,designed protein CTPR3,57.7,41.4,104,71.7,5.12e-28,113.0,1na0_A,designed protein CTPR3,57.7,41.4,104,71.7,5.12e-28,113.0,8ur5_A,"Trimer head HA,Hemagglutinin HA1 chain",64.0,33.1,75,51.7,3.83e-25,105.0,8ur5_A,"Trimer head HA,Hemagglutinin HA1 chain",64.0,33.1,75,51.7,3.83e-25,105.0,1na0_A,designed protein CTPR3,57.7,41.4,104,71.7,5.12e-28,113.0,8ur5_A,"Trimer head HA,Hemagglutinin HA1 chain",64.0,33.1,75,51.7,3.83e-25,105.0,1na0_A,designed protein CTPR3,57.7,41.4,104,71.7,5.12e-28,113.0,8ur5_A,"Trimer head HA,Hemagglutinin HA1 chain",64.0,33.1,75,51.7,3.83e-25,105.0,4zey_A,Nuclear receptor-binding factor 2,78.6,7.6,14,9.7,1.4e+03,24.0
pdbseqres,egfr-bridge-id85,145,FAIL_L2_bridge,1291,1na0_A,designed protein CTPR3,63.5,45.5,104,71.7,4.4e-33,128.0,1na0_A,designed protein CTPR3,63.5,45.5,104,71.7,4.4e-33,128.0,1na3_A,designed protein CTPR2,67.5,38.6,83,57.2,1.08e-25,107.0,2avp_A,synthetic consensus TPR protein,68.2,31.0,66,45.5,1.88e-21,94.0,1na0_A,designed protein CTPR3,63.5,45.5,104,71.7,4.4e-33,128.0,1na3_A,designed protein CTPR2,67.5,38.6,83,57.2,1.08e-25,107.0,1na0_A,designed protein CTPR3,63.5,45.5,104,71.7,4.4e-33,128.0,1na3_A,designed protein CTPR2,67.5,38.6,83,57.2,1.08e-25,107.0,8fee_A,Virulence factor Mce family protein,100.0,6.2,9,6.2,6.03e+03,22.0
pdbseqres,cand-siteA-id73,80,FAIL_L2_seq,276,5f7v_A,Lmo0181 protein,52.6,12.5,19,23.8,44.5,27.0,,,,,,,,,,,,,,,,,,,,,,,,,,,,,,,,,,,,,,,,,7fby_A,Transcriptional regulatory protein,34.5,25.0,58,72.5,217,25.0,7yc4_D,Alpha/beta hydrolase,36.4,20.0,44,55.0,5.03e+03,21.0,3dcl_A,TM1086,70.0,8.8,10,12.5,5.03e+03,21.0
pdbseqres,egfr-siteA-id2048,75,FAIL_L2_struct_coinflip,928,9dtd_A,C2-01018,48.1,17.3,27,36.0,70.9,26.0,,,,,,,,,,,,,,,,,,,,,,,,,,,,,,,,,,,,,,,,,9exk_A,De novo designed protein K12,37.7,30.7,61,81.3,901,23.0,6l5h_A,Rootletin,38.5,20.0,39,52.0,3.19e+03,21.0,7qnl_AAA,DARPIN,100.0,13.3,10,13.3,3.19e+03,21.0
pdbseqres,egfr-siteA-id2015,75,PASS_L3,169,9dtd_A,C2-01018,48.1,17.3,27,36.0,134,25.0,,,,,,,,,,,,,,,,,,,,,,,,,,,,,,,,,,,,,,,,,1sc6_A,D-3-phosphoglycerate dehydrogenase,36.2,22.7,47,62.7,4.38e+03,21.0,9l5r_Cb,G-patch domain-containing protein,37.0,22.7,46,61.3,6e+03,21.0,7qnl_AAA,DARPIN,100.0,13.3,10,13.3,4.38e+03,21.0
pdbseqres,egfr-siteA-id3017,75,PASS_L3,158,4iwn_A,tRNA (cmo5U34)-methyltransferase,58.8,13.3,17,22.7,253,25.0,,,,,,,,,,,,,,,,,,,,,,,,,,,,,,,,,,,,,,,,,8j6q_A,Guanine nucleotide-binding protein G(i) subunit alpha-1,37.0,26.7,54,72.0,2.33e+03,22.0,6l5h_A,Rootletin,41.0,21.3,39,52.0,2.33e+03,22.0,7qnl_AAA,DARPIN,100.0,13.3,10,13.3,3.19e+03,21.0
pdbseqres,egfr-siteA-id3020,75,PASS_L3,179,9dtd_A,C2-01018,51.9,18.7,27,36.0,51.6,27.0,,,,,,,,,,,,,,,,,,,,,,,,,,,,,,,,,,,,,,,,,1sc6_A,D-3-phosphoglycerate dehydrogenase,36.2,22.7,47,62.7,3.19e+03,21.0,6l5h_A,Rootletin,41.0,21.3,39,52.0,2.33e+03,22.0,7qnl_AAA,DARPIN,100.0,13.3,10,13.3,4.38e+03,21.0
pdbseqres,egfr-siteA-id3035,75,PASS_L3,158,4iwn_A,tRNA (cmo5U34)-methyltransferase,58.8,13.3,17,22.7,253,25.0,,,,,,,,,,,,,,,,,,,,,,,,,,,,,,,,,,,,,,,,,8j6q_A,Guanine nucleotide-binding protein G(i) subunit alpha-1,37.0,26.7,54,72.0,2.33e+03,22.0,6l5h_A,Rootletin,41.0,21.3,39,52.0,2.33e+03,22.0,7qnl_AAA,DARPIN,100.0,13.3,10,13.3,3.19e+03,21.0
pdbseqres,egfr-siteA-id3036,75,PASS_L3,208,9dtd_A,C2-01018,51.9,18.7,27,36.0,27.3,27.0,,,,,,,,,,,,,,,,,,,,,,,,,,,,,,,,,,,,,,,,,9l5r_Cb,G-patch domain-containing protein,37.0,22.7,46,61.3,1.24e+03,23.0,6l5h_A,Rootletin,41.0,21.3,39,52.0,1.7e+03,22.0,7qnl_AAA,DARPIN,100.0,13.3,10,13.3,3.19e+03,21.0
pdbseqres,egfr-siteA-id89,75,PASS_L3,157,9k7w_F,C3-Ni1-HH*3-18,47.5,25.3,40,53.3,0.818,32.0,,,,,,,,,,,,,,,,,,,,,,,,,9dtd_A,C2-01018,58.8,26.7,34,45.3,7.63,29.0,9k7w_F,C3-Ni1-HH*3-18,47.5,25.3,40,53.3,0.818,32.0,9dtd_A,C2-01018,58.8,26.7,34,45.3,7.63,29.0,9k7w_F,C3-Ni1-HH*3-18,47.5,25.3,40,53.3,0.818,32.0,7q03_A,Ketol-acid reductoisomerase from Methanothermococcus thermolithotrophicus,68.8,14.7,16,21.3,901,23.0
pdbseqres,egfr-siteA-id2046,75,PASS_L3_borderline,174,9dtd_A,C2-01018,51.9,18.7,27,36.0,51.6,27.0,,,,,,,,,,,,,,,,,,,,,,,,,,,,,,,,,,,,,,,,,1sc6_A,D-3-phosphoglycerate dehydrogenase,36.2,22.7,47,62.7,3.19e+03,21.0,9l5r_Cb,G-patch domain-containing protein,37.0,22.7,46,61.3,3.19e+03,21.0,7qnl_AAA,DARPIN,100.0,13.3,10,13.3,4.38e+03,21.0
pdbseqres,cand-siteA-id2,75,PASS_L3_candidate,1071,6omf_F,RNA polymerase sigma factor RpoS,41.9,17.3,31,41.3,37.5,27.0,,,,,,,,,,,,,,,,,,,,,,,,,,,,,,,,,,,,,,,,,23wn_A,DP622,47.6,26.7,42,56.0,478,24.0,23wn_A,DP622,47.6,26.7,42,56.0,478,24.0,4hfq_A,MutT/nudix family protein,77.8,9.3,9,12.0,8.22e+03,20.0
pdbseqres,egfr-siteA-id86,80,PASS_L3_seq_at_risk,168,8bfy_A,Putative secreted cellobiose-binding (Transport system associated),57.1,15.0,21,26.2,32.4,27.0,,,,,,,,,,,,,,,,,,,,,,,,,,,,,,,,,,,,,,,,,3cfz_A,UPF0100 protein MJ1186,37.0,21.2,46,57.5,1.44e+03,23.0,3cfz_A,UPF0100 protein MJ1186,37.0,21.2,46,57.5,1.44e+03,23.0,4zza_A,Sugar binding protein of ABC transporter system,68.8,13.8,16,20.0,61.1,27.0
