db,query,struct_tier,view,local_pct,global_pct,nident,alnlen,qlen,target,phmmer_full_evalue,phmmer_best_dom_evalue
swissprot,cand-siteA-id19-sh09,FAIL_L2_both,all_maxglobal,33.0,38.7,29,88,75,sp|P81127|SNAG_BOVIN,0.028,12
swissprot,cand-siteA-id19-sh09,FAIL_L2_both,all_maxlocal,70.6,16.0,12,17,75,sp|A1V8T0|ATPE_BURMS,15,27
swissprot,cand-siteA-id19-sh09,FAIL_L2_both,sigfull_maxglobal,33.8,32.0,24,71,75,sp|O25728|HCPC_HELPY,4.2e-06,0.23
swissprot,cand-siteA-id19-sh09,FAIL_L2_both,sigfull_maxlocal,37.0,26.7,20,54,75,sp|Q9ZMM1|HCPA_HELPJ,0.00056,57
swissprot,cand-bridge-id76,FAIL_L2_bridge,all_maxglobal,34.1,32.4,47,138,145,sp|Q8CGY8|OGT1_MOUSE,1.5e-56,4.3e-14
swissprot,cand-bridge-id76,FAIL_L2_bridge,all_maxlocal,39.2,21.4,31,79,145,sp|P38825|TOM71_YEAST,2.4e-23,4.1e-09
swissprot,cand-bridge-id76,FAIL_L2_bridge,sigfull_maxglobal,34.1,32.4,47,138,145,sp|Q8CGY8|OGT1_MOUSE,1.5e-56,4.3e-14
swissprot,cand-bridge-id76,FAIL_L2_bridge,sigfull_maxlocal,39.2,21.4,31,79,145,sp|P38825|TOM71_YEAST,2.4e-23,4.1e-09
swissprot,cand-bridge-id76,FAIL_L2_bridge,sigdom_maxglobal,34.1,32.4,47,138,145,sp|Q8CGY8|OGT1_MOUSE,1.5e-56,4.3e-14
swissprot,cand-bridge-id76,FAIL_L2_bridge,sigdom_maxlocal,39.2,21.4,31,79,145,sp|P38825|TOM71_YEAST,2.4e-23,4.1e-09
swissprot,egfr-bridge-id1104,FAIL_L2_bridge,all_maxglobal,33.3,33.8,49,147,145,sp|B0JVY3|YCF3_MICAN,3.4e-12,2.3e-10
swissprot,egfr-bridge-id1104,FAIL_L2_bridge,all_maxlocal,43.4,31.7,46,106,145,sp|Q8CGY8|OGT1_MOUSE,1.9e-69,9.8e-13
swissprot,egfr-bridge-id1104,FAIL_L2_bridge,sigfull_maxglobal,33.3,33.8,49,147,145,sp|B0JVY3|YCF3_MICAN,3.4e-12,2.3e-10
swissprot,egfr-bridge-id1104,FAIL_L2_bridge,sigfull_maxlocal,43.4,31.7,46,106,145,sp|Q8CGY8|OGT1_MOUSE,1.9e-69,9.8e-13
swissprot,egfr-bridge-id1104,FAIL_L2_bridge,sigdom_maxglobal,33.3,33.8,49,147,145,sp|B0JVY3|YCF3_MICAN,3.4e-12,2.3e-10
swissprot,egfr-bridge-id1104,FAIL_L2_bridge,sigdom_maxlocal,43.4,31.7,46,106,145,sp|Q8CGY8|OGT1_MOUSE,1.9e-69,9.8e-13
swissprot,egfr-bridge-id47,FAIL_L2_bridge,all_maxglobal,32.4,31.7,46,142,145,sp|Q58823|Y1428_METJA,3.3e-21,4.3e-06
swissprot,egfr-bridge-id47,FAIL_L2_bridge,all_maxlocal,42.2,26.2,38,90,145,sp|P33746|SOLR_CLOAB,3.5e-15,2.7e-06
swissprot,egfr-bridge-id47,FAIL_L2_bridge,sigfull_maxglobal,32.4,31.7,46,142,145,sp|Q58823|Y1428_METJA,3.3e-21,4.3e-06
swissprot,egfr-bridge-id47,FAIL_L2_bridge,sigfull_maxlocal,42.2,26.2,38,90,145,sp|P33746|SOLR_CLOAB,3.5e-15,2.7e-06
swissprot,egfr-bridge-id47,FAIL_L2_bridge,sigdom_maxglobal,32.4,31.7,46,142,145,sp|Q58823|Y1428_METJA,3.3e-21,4.3e-06
swissprot,egfr-bridge-id47,FAIL_L2_bridge,sigdom_maxlocal,42.2,26.2,38,90,145,sp|P33746|SOLR_CLOAB,3.5e-15,2.7e-06
swissprot,egfr-bridge-id85,FAIL_L2_bridge,all_maxglobal,36.1,36.6,53,147,145,sp|O78490|YCF3_GUITH,3.1e-11,2e-10
swissprot,egfr-bridge-id85,FAIL_L2_bridge,all_maxlocal,40.8,13.8,20,49,145,sp|Q13325|IFIT5_HUMAN,6.1e-14,0.068
swissprot,egfr-bridge-id85,FAIL_L2_bridge,sigfull_maxglobal,36.1,36.6,53,147,145,sp|O78490|YCF3_GUITH,3.1e-11,2e-10
swissprot,egfr-bridge-id85,FAIL_L2_bridge,sigfull_maxlocal,40.8,13.8,20,49,145,sp|Q13325|IFIT5_HUMAN,6.1e-14,0.068
swissprot,egfr-bridge-id85,FAIL_L2_bridge,sigdom_maxglobal,36.1,36.6,53,147,145,sp|O78490|YCF3_GUITH,3.1e-11,2e-10
swissprot,egfr-bridge-id85,FAIL_L2_bridge,sigdom_maxlocal,40.0,31.7,46,115,145,sp|P56558|OGT1_RAT,7.2e-50,3.4e-15
swissprot,cand-siteA-id73,FAIL_L2_seq,all_maxglobal,36.2,31.2,25,69,80,sp|Q58586|WTPA_METJA,1.2,75
swissprot,cand-siteA-id73,FAIL_L2_seq,all_maxlocal,57.1,15.0,12,21,80,sp|P81449|ATPJ_YEAST,16,27
swissprot,egfr-siteA-id2048,FAIL_L2_struct_coinflip,all_maxglobal,33.7,40.0,30,89,75,sp|A6VAK1|CMOA_PSEP7,24,220
swissprot,egfr-siteA-id2048,FAIL_L2_struct_coinflip,all_maxlocal,58.8,13.3,10,17,75,sp|C0QJG8|CMOA_DESAH,12,210
swissprot,egfr-siteA-id2015,PASS_L3,all_maxglobal,33.7,40.0,30,89,75,sp|A6VAK1|CMOA_PSEP7,6.9,61
swissprot,egfr-siteA-id2015,PASS_L3,all_maxlocal,56.5,17.3,13,23,75,sp|B3GXJ0|CMOA_ACTP7,2.4,86
swissprot,egfr-siteA-id3017,PASS_L3,all_maxglobal,34.9,38.7,29,83,75,sp|Q04QS6|SYI_LEPBJ,9.6,25
swissprot,egfr-siteA-id3017,PASS_L3,all_maxlocal,58.6,22.7,17,29,75,sp|Q0ZQ41|FRBH_STRR3,6.9,21
swissprot,egfr-siteA-id3020,PASS_L3,all_maxglobal,33.7,40.0,30,89,75,sp|A6VAK1|CMOA_PSEP7,10,86
swissprot,egfr-siteA-id3020,PASS_L3,all_maxlocal,58.8,13.3,10,17,75,sp|Q6AIL1|CMOA_DESPS,18,210
swissprot,egfr-siteA-id3035,PASS_L3,all_maxglobal,35.4,37.3,28,79,75,sp|Q04QS6|SYI_LEPBJ,11,28
swissprot,egfr-siteA-id3035,PASS_L3,all_maxlocal,58.6,22.7,17,29,75,sp|Q0ZQ41|FRBH_STRR3,6.9,20
swissprot,egfr-siteA-id3036,PASS_L3,all_maxglobal,33.7,40.0,30,89,75,sp|A6VAK1|CMOA_PSEP7,27,250
swissprot,egfr-siteA-id3036,PASS_L3,all_maxlocal,58.8,13.3,10,17,75,sp|C0QJG8|CMOA_DESAH,4.9,190
swissprot,egfr-siteA-id89,PASS_L3,all_maxglobal,34.7,33.3,25,72,75,sp|A4SPN7|CMOA_AERS4,0.61,1.6
swissprot,egfr-siteA-id89,PASS_L3,all_maxlocal,57.1,16.0,12,21,75,sp|P11030|ACBP_RAT,9.6,55
swissprot,egfr-siteA-id2046,PASS_L3_borderline,all_maxglobal,33.7,40.0,30,89,75,sp|A6VAK1|CMOA_PSEP7,10,86
swissprot,egfr-siteA-id2046,PASS_L3_borderline,all_maxlocal,58.6,22.7,17,29,75,sp|Q0ZQ41|FRBH_STRR3,13,49
swissprot,cand-siteA-id2,PASS_L3_candidate,all_maxglobal,32.9,36.0,27,82,75,sp|A9WDL9|THIM_CHLAA,2.7,430
swissprot,cand-siteA-id2,PASS_L3_candidate,all_maxlocal,73.3,14.7,11,15,75,sp|Q71YD4|RS14_LISMF,25,70
swissprot,egfr-siteA-id86,PASS_L3_seq_at_risk,all_maxglobal,29.3,30.0,24,82,80,sp|Q9CEC9|UPP_LACLA,22,1.7e+03
swissprot,egfr-siteA-id86,PASS_L3_seq_at_risk,all_maxlocal,66.7,12.5,10,15,80,sp|Q8EUA1|UPP_MALP2,39,200
pdbseqres,cand-siteA-id19-sh09,FAIL_L2_both,all_maxglobal,43.7,50.7,38,87,75,8qai_A,0.0029,3.8
pdbseqres,cand-siteA-id19-sh09,FAIL_L2_both,all_maxlocal,48.3,18.7,14,29,75,8j07_d3,0.23,240
pdbseqres,cand-siteA-id19-sh09,FAIL_L2_both,sigfull_maxglobal,37.8,45.3,34,90,75,9gzg_A,2.1e-05,1.7
pdbseqres,cand-siteA-id19-sh09,FAIL_L2_both,sigfull_maxlocal,37.8,45.3,34,90,75,9gzg_A,2.1e-05,1.7
pdbseqres,cand-bridge-id76,FAIL_L2_bridge,all_maxglobal,48.2,46.2,67,139,145,7obi_A,2.7e-47,1.4e-23
pdbseqres,cand-bridge-id76,FAIL_L2_bridge,all_maxlocal,61.3,31.7,46,75,145,1na3_A,1.7e-22,2.1e-22
pdbseqres,cand-bridge-id76,FAIL_L2_bridge,sigfull_maxglobal,48.2,46.2,67,139,145,7obi_A,2.7e-47,1.4e-23
pdbseqres,cand-bridge-id76,FAIL_L2_bridge,sigfull_maxlocal,61.3,31.7,46,75,145,1na3_A,1.7e-22,2.1e-22
pdbseqres,cand-bridge-id76,FAIL_L2_bridge,sigdom_maxglobal,48.2,46.2,67,139,145,7obi_A,2.7e-47,1.4e-23
pdbseqres,cand-bridge-id76,FAIL_L2_bridge,sigdom_maxlocal,61.3,31.7,46,75,145,1na3_A,1.7e-22,2.1e-22
pdbseqres,egfr-bridge-id1104,FAIL_L2_bridge,all_maxglobal,47.8,44.1,64,134,145,8bu0_A,4.1e-98,8.4e-28
pdbseqres,egfr-bridge-id1104,FAIL_L2_bridge,all_maxlocal,64.6,36.6,53,82,145,6vfj_B,1.3e-47,2.5e-27
pdbseqres,egfr-bridge-id1104,FAIL_L2_bridge,sigfull_maxglobal,47.8,44.1,64,134,145,8bu0_A,4.1e-98,8.4e-28
pdbseqres,egfr-bridge-id1104,FAIL_L2_bridge,sigfull_maxlocal,64.6,36.6,53,82,145,6vfj_B,1.3e-47,2.5e-27
pdbseqres,egfr-bridge-id1104,FAIL_L2_bridge,sigdom_maxglobal,47.8,44.1,64,134,145,8bu0_A,4.1e-98,8.4e-28
pdbseqres,egfr-bridge-id1104,FAIL_L2_bridge,sigdom_maxlocal,64.6,36.6,53,82,145,6vfj_B,1.3e-47,2.5e-27
pdbseqres,egfr-bridge-id47,FAIL_L2_bridge,all_maxglobal,51.7,41.4,60,116,145,7obi_A,6.1e-45,5.8e-24
pdbseqres,egfr-bridge-id47,FAIL_L2_bridge,all_maxlocal,59.1,35.9,52,88,145,1na3_A,2.8e-23,3.2e-23
pdbseqres,egfr-bridge-id47,FAIL_L2_bridge,sigfull_maxglobal,51.7,41.4,60,116,145,7obi_A,6.1e-45,5.8e-24
pdbseqres,egfr-bridge-id47,FAIL_L2_bridge,sigfull_maxlocal,59.1,35.9,52,88,145,1na3_A,2.8e-23,3.2e-23
pdbseqres,egfr-bridge-id47,FAIL_L2_bridge,sigdom_maxglobal,51.7,41.4,60,116,145,7obi_A,6.1e-45,5.8e-24
pdbseqres,egfr-bridge-id47,FAIL_L2_bridge,sigdom_maxlocal,59.1,35.9,52,88,145,1na3_A,2.8e-23,3.2e-23
pdbseqres,egfr-bridge-id85,FAIL_L2_bridge,all_maxglobal,54.5,46.2,67,123,145,9qhb_A,2.2e-186,4.4e-26
pdbseqres,egfr-bridge-id85,FAIL_L2_bridge,all_maxlocal,67.5,38.6,56,83,145,6v8e_A,8.9e-33,1.4e-19
pdbseqres,egfr-bridge-id85,FAIL_L2_bridge,sigfull_maxglobal,54.5,46.2,67,123,145,9qhb_A,2.2e-186,4.4e-26
pdbseqres,egfr-bridge-id85,FAIL_L2_bridge,sigfull_maxlocal,67.5,38.6,56,83,145,6v8e_A,8.9e-33,1.4e-19
pdbseqres,egfr-bridge-id85,FAIL_L2_bridge,sigdom_maxglobal,54.5,46.2,67,123,145,9qhb_A,2.2e-186,4.4e-26
pdbseqres,egfr-bridge-id85,FAIL_L2_bridge,sigdom_maxlocal,67.5,38.6,56,83,145,6v8e_A,8.9e-33,1.4e-19
pdbseqres,cand-siteA-id73,FAIL_L2_seq,all_maxglobal,34.4,27.5,22,64,80,8ula_A,0.021,0.076
pdbseqres,cand-siteA-id73,FAIL_L2_seq,all_maxlocal,52.6,12.5,10,19,80,5f7v_A,4.7,21
pdbseqres,egfr-siteA-id2048,FAIL_L2_struct_coinflip,all_maxglobal,50.0,34.7,26,52,75,8f4x_0,2.3,3.4
pdbseqres,egfr-siteA-id2048,FAIL_L2_struct_coinflip,all_maxlocal,70.0,9.3,7,10,75,2fo7_A,7.8,9e+03
pdbseqres,egfr-siteA-id2015,PASS_L3,all_maxglobal,50.0,34.7,26,52,75,8f4x_0,3.4,5
pdbseqres,egfr-siteA-id2015,PASS_L3,all_maxlocal,70.0,9.3,7,10,75,2fo7_A,7.4,9.7e+03
pdbseqres,egfr-siteA-id3017,PASS_L3,all_maxglobal,48.1,33.3,25,52,75,8f4x_0,4.3,6.7
pdbseqres,egfr-siteA-id3017,PASS_L3,all_maxlocal,58.8,13.3,10,17,75,2fo7_A,13,8.6e+03
pdbseqres,egfr-siteA-id3017,PASS_L3,sigfull_maxglobal,39.7,30.7,23,58,75,7udk_A,1.7e-06,36
pdbseqres,egfr-siteA-id3017,PASS_L3,sigfull_maxlocal,39.7,30.7,23,58,75,7udk_A,1.7e-06,36
pdbseqres,egfr-siteA-id3020,PASS_L3,all_maxglobal,48.1,33.3,25,52,75,8f4x_0,5.3,7.9
pdbseqres,egfr-siteA-id3020,PASS_L3,all_maxlocal,70.0,9.3,7,10,75,2fo7_A,7.1,9.1e+03
pdbseqres,egfr-siteA-id3035,PASS_L3,all_maxglobal,48.1,33.3,25,52,75,8f4x_0,4.5,7.1
pdbseqres,egfr-siteA-id3035,PASS_L3,all_maxlocal,58.8,13.3,10,17,75,2fo7_A,13,8.6e+03
pdbseqres,egfr-siteA-id3035,PASS_L3,sigfull_maxglobal,39.7,30.7,23,58,75,7udk_A,1.7e-06,36
pdbseqres,egfr-siteA-id3035,PASS_L3,sigfull_maxlocal,39.7,30.7,23,58,75,7udk_A,1.7e-06,36
pdbseqres,egfr-siteA-id3036,PASS_L3,all_maxglobal,48.1,33.3,25,52,75,8f4x_0,3.7,5.7
pdbseqres,egfr-siteA-id3036,PASS_L3,all_maxlocal,70.0,9.3,7,10,75,2fo7_A,6.5,7.9e+03
pdbseqres,egfr-siteA-id89,PASS_L3,all_maxglobal,32.9,32.0,24,73,75,5cwk_A,0.48,90
pdbseqres,egfr-siteA-id89,PASS_L3,all_maxlocal,57.1,26.7,20,35,75,9dtd_A,0.029,0.036
pdbseqres,egfr-siteA-id2046,PASS_L3_borderline,all_maxglobal,48.1,33.3,25,52,75,8f4x_0,5.5,8.7
pdbseqres,egfr-siteA-id2046,PASS_L3_borderline,all_maxlocal,70.0,9.3,7,10,75,8ch0_A,8.8,1e+04
pdbseqres,cand-siteA-id2,PASS_L3_candidate,all_maxglobal,35.4,30.7,23,65,75,5le2_A,0.71,2.7e+03
pdbseqres,cand-siteA-id2,PASS_L3_candidate,all_maxlocal,50.0,17.3,13,26,75,9k7w_A,1.1,2.2
pdbseqres,egfr-siteA-id86,PASS_L3_seq_at_risk,all_maxglobal,38.7,30.0,24,62,80,6m9m_A,65,150
pdbseqres,egfr-siteA-id86,PASS_L3_seq_at_risk,all_maxlocal,68.8,13.8,11,16,80,4zza_A,24,53
