db,query,struct_tier,qlen,mmseqs_n_hits,mmseqs_best_evalue,mmseqs_n_sig,phmmer_n_hits,phmmer_best_evalue,phmmer_n_sig,phmmer_best_target,sw_max_local_pct,sw_max_local_target,sw_max_global_pct,sw_max_global_target
swissprot,cand-siteA-id19-sh09,FAIL_L2_both,75,49,2.61,0,4467,4.2e-06,23,sp|O25728|HCPC_HELPY,57.9,Q9Y7Y2,37.3,P15705
swissprot,cand-bridge-id76,FAIL_L2_bridge,145,1011,7.9e-12,187,8090,1.5e-56,2011,sp|Q8CGY8|OGT1_MOUSE,34.1,O15294,32.4,O15294
swissprot,egfr-bridge-id1104,FAIL_L2_bridge,145,1310,5.34e-17,218,6288,2.2e-80,1846,sp|Q8RVB2|SPY_SOLLC,43.4,O15294,31.7,O15294
swissprot,egfr-bridge-id47,FAIL_L2_bridge,145,769,1.48e-11,181,6969,2e-54,1783,sp|Q9M8Y0|SEC_ARATH,38.6,Q58208,30.3,Q58208
swissprot,egfr-bridge-id85,FAIL_L2_bridge,145,1178,3.87e-14,312,6811,1.4e-52,1831,sp|Q9M8Y0|SEC_ARATH,40.0,O15294,31.7,O15294
swissprot,cand-siteA-id73,FAIL_L2_seq,80,225,0.339,0,4729,0.0029,0,sp|O32156|YURO_BACSU,40.7,P74745,32.5,Q9V2Q7
swissprot,egfr-siteA-id2048,FAIL_L2_struct_coinflip,75,586,6.8,0,4696,0.087,0,sp|P77768|RPNB_ECOLI,58.6,Q0ZQ41,33.3,B1HVA4
swissprot,egfr-siteA-id2015,PASS_L3,75,360,6.8,0,4599,0.06,0,sp|Q15NL2|CMOA_PSEA6,48.4,A4SPN7,33.3,A0KWL3
swissprot,egfr-siteA-id3017,PASS_L3,75,523,1.9,0,5460,0.014,0,sp|Q4QLP6|CORA_HAEI8,58.8,A4WBM7,30.7,B2VJC2
swissprot,egfr-siteA-id3020,PASS_L3,75,409,4.95,0,5027,0.12,0,sp|P44998|CORA_HAEIN,58.6,Q0ZQ41,32.0,A0KWL3
swissprot,egfr-siteA-id3035,PASS_L3,75,533,1.9,0,5448,0.016,0,sp|Q4QLP6|CORA_HAEI8,58.8,A4WBM7,33.3,B1HVA4
swissprot,egfr-siteA-id3036,PASS_L3,75,643,2.61,0,5110,0.079,0,sp|P44998|CORA_HAEIN,58.8,A4WBM7,33.3,B1HVA4
swissprot,egfr-siteA-id89,PASS_L3,75,570,2.61,0,4903,0.23,0,sp|Q5R0Q6|CMOA_IDILO,51.4,Q31JJ7,33.3,A4SPN7
swissprot,egfr-siteA-id2046,PASS_L3_borderline,75,382,9.36,0,4889,0.12,0,sp|P77768|RPNB_ECOLI,58.6,Q0ZQ41,32.0,A0KWL3
swissprot,cand-siteA-id2,PASS_L3_candidate,75,814,24.3,0,5052,0.47,0,sp|O83617|Y608_TREPA,50.0,A4WM07,22.7,O83617
swissprot,egfr-siteA-id86,PASS_L3_seq_at_risk,80,112,28.9,0,3926,0.17,0,sp|O32156|YURO_BACSU,58.3,O58758,28.7,A0A509AL23
pdbseqres,cand-siteA-id19-sh09,FAIL_L2_both,75,19,10.5,0,4713,3.1e-08,52,9qhb_A,47.8,8v4w_A,44.0,7obi_A
pdbseqres,cand-bridge-id76,FAIL_L2_bridge,145,1131,3.64e-31,391,11534,1.9e-294,3276,9qhb_A,46.9,8bu0_A,41.4,8bu0_A
pdbseqres,egfr-bridge-id1104,FAIL_L2_bridge,145,1452,1.71e-33,329,8319,7.4e-280,3169,9qhb_A,53.4,2fo7_A,44.1,8bu0_A
pdbseqres,egfr-bridge-id47,FAIL_L2_bridge,145,1028,5.12e-28,308,8116,1.9e-145,3246,9qhb_A,57.7,1na0_A,41.4,1na0_A
pdbseqres,egfr-bridge-id85,FAIL_L2_bridge,145,1291,4.4e-33,370,9280,2.2e-186,3037,9qhb_A,63.5,1na0_A,46.2,8bu0_A
pdbseqres,cand-siteA-id73,FAIL_L2_seq,80,276,44.5,0,7441,0.021,0,8ula_A,62.5,4zs9_A,27.5,8ula_A
pdbseqres,egfr-siteA-id2048,FAIL_L2_struct_coinflip,75,928,70.9,0,5873,0.011,0,7udk_A,46.4,1wac_A,26.7,7udk_A
pdbseqres,egfr-siteA-id2015,PASS_L3,75,169,134,0,5166,0.015,0,7udk_A,46.4,1wac_A,25.3,7udk_A
pdbseqres,egfr-siteA-id3017,PASS_L3,75,158,253,0,5837,1.7e-06,8,7udk_A,56.0,3t6g_B,30.7,7udk_A
pdbseqres,egfr-siteA-id3020,PASS_L3,75,179,51.6,0,6315,0.0077,0,7udk_A,55.0,9xpe_R,30.7,9e5c_6q
pdbseqres,egfr-siteA-id3035,PASS_L3,75,158,253,0,5786,1.7e-06,8,7udk_A,56.0,3t6g_B,30.7,7udk_A
pdbseqres,egfr-siteA-id3036,PASS_L3,75,208,27.3,0,6046,0.0052,0,7udk_A,55.0,9xpe_R,29.3,7udk_A
pdbseqres,egfr-siteA-id89,PASS_L3,75,157,0.818,0,7762,0.008,0,9k7w_A,57.1,9dtd_A,26.7,9dtd_A
pdbseqres,egfr-siteA-id2046,PASS_L3_borderline,75,174,51.6,0,5728,0.012,0,7udk_A,55.0,9xpe_R,25.3,7udk_A
pdbseqres,cand-siteA-id2,PASS_L3_candidate,75,1071,37.5,0,5137,0.017,0,6een_C,41.9,6kj6_F,17.3,6kj6_F
pdbseqres,egfr-siteA-id86,PASS_L3_seq_at_risk,80,168,32.4,0,3401,8.5,0,8xba_A,68.8,4zs9_A,20.0,7yc4_A
